movimiento_id,buque_id,matricula,radar_id,muelle,tipo_carga,origen,fecha_ingreso,hora_ingreso,fecha_egreso,hora_egreso,tonelaje_declarado,velocidad_ingreso,velocidad_maxima_muelle,estado_despacho,duracion_horas
MOV-00001,B-008,MSC-GENOVA,R-05,MUELLE-B,TRIGO,MONTEVIDEO,2023-04-24,13:02,2023-04-24,00:00,3874.34,6.3,10,DESPACHADO,
MOV-00002,B-025,MAERSK-LIMA,R-06,MUELLE-C,HARINA,SANTA FE,2020-06-10,17:18,2020-06-12,07:05,1856.07,10.2,12,RECHAZADO,37.78333333333333
MOV-00003,B-011,ZIM-NORTE,R-04,MUELLE-B,MINERALES,ROTTERDAM,1900-01-01,21:20,2021-03-26,19:01,6711.61,11.7,15,EN_REVISION,
MOV-00005,B-017,ONE-PLATA,R-03,MUELLE-E,SOJA,VALPARAISO,2024-05-13,16:58,2024-05-13,02:16,6166.47,16.2,15,PENDIENTE,
MOV-00006,B-011,PIL-SANTA,R-07,MUELLE-B,TRIGO,VALPARAISO,2022-11-25,14:07,2022-11-27,00:00,6737.72,11.9,12,RECHAZADO,33.88333333333333
MOV-00007,B-031,ZIM-DELTA,R-08,MUELLE-D,TRIGO,BUENOS AIRES,2022-08-14,23:03,2022-08-15,02:13,4392.55,9.6,12,,3.1666666666666665
MOV-00008,B-006,ZIM-DELTA,R-03,MUELLE-D,MINERALES,HAMBURG,2022-02-15,00:24,2022-02-16,23:15,6707.83,7.1,10,PENDIENTE,46.85
MOV-00010,B-037,MAERSK-LIMA,R-02,MUELLE-E,TRIGO,VALPARAISO,2022-01-26,00:00,2022-01-28,13:30,7260.84,9.5,10,PENDIENTE,61.5
MOV-00012,B-023,ONE-PARANA,R-04,MUELLE-F,SOJA,SHANGHAI,1900-01-01,05:51,2024-11-06,01:51,6969.71,11.2,10,RECHAZADO,
MOV-00013,B-015,ZIM-DELTA,R-01,MUELLE-F,TRIGO,ROTTERDAM,2021-12-20,20:32,2021-12-23,05:43,4918.63,13.1,12,EN_REVISION,57.18333333333333
MOV-00014,B-003,MAERSK-PAMPAS,,MUELLE-E,TRIGO,SHANGHAI,2023-06-30,10:42,2023-07-01,19:13,6604.27,13.9,12,RECHAZADO,32.516666666666666
MOV-00015,B-038,YANG-ESTE,R-06,MUELLE-D,MINERALES,HAMBURG,2020-12-13,21:05,2020-12-15,00:00,2873.03,11.6,15,PENDIENTE,26.916666666666668
MOV-00016,B-032,COSCO-TIGRE,R-04,MUELLE-B,GRANOS,BUENOS AIRES,2022-11-26,14:03,2022-11-28,02:49,5421.5,17.3,15,RECHAZADO,36.766666666666666
MOV-00017,B-016,PIL-SANTA,R-08,MUELLE-F,TRIGO,VALPARAISO,2021-11-18,10:57,2021-11-19,00:00,5870.05,13.2,12,,13.05
MOV-00018,B-023,YANG-MING,R-07,MUELLE-D,TRIGO,HAMBURG,2021-11-19,21:43,2021-11-22,00:00,4801.28,15.4,12,PENDIENTE,50.28333333333333
MOV-00019,B-018,MAERSK-PAMPAS,R-05,MUELLE-A,MINERALES,SANTA FE,2020-05-20,20:02,2020-05-21,00:00,6113.77,12.0,15,DESPACHADO,3.966666666666667
MOV-00020,B-007,PIL-OESTE,R-01,MUELLE-C,CONTENEDORES,ROTTERDAM,2021-05-12,03:44,2021-05-13,00:00,6632.53,14.1,15,PENDIENTE,20.266666666666666
MOV-00021,B-028,HAPAG-RIO,R-05,MUELLE-E,MINERALES,HAMBURG,2024-10-10,07:53,2024-10-10,00:00,5736.56,8.4,12,RECHAZADO,
MOV-00022,B-016,MAERSK-PAMPAS,R-08,MUELLE-E,TRIGO,HAMBURG,2021-03-29,12:44,2021-03-30,10:52,4787.95,12.2,12,RECHAZADO,22.133333333333333
MOV-00023,B-031,PIL-SANTA,R-05,MUELLE-A,TRIGO,VALPARAISO,2022-12-29,04:17,2022-12-29,00:00,4346.69,14.0,15,PENDIENTE,
MOV-00024,B-004,CMA-ROSARIO,R-03,MUELLE-E,HARINA,BUENOS AIRES,2023-05-05,19:14,2023-05-08,00:00,6501.03,15.5,15,PENDIENTE,52.766666666666666
MOV-00025,B-039,HAPAG-SUR,R-05,MUELLE-A,TRIGO,VALPARAISO,2021-04-23,08:50,2021-04-24,19:23,4615.67,8.8,15,EN_REVISION,34.55
MOV-00026,B-006,YANG-ESTE,R-01,MUELLE-D,ACEITE,VALPARAISO,2023-04-17,00:48,2023-04-18,00:00,7576.43,16.2,15,DESPACHADO,23.2
MOV-00027,B-026,ZIM-NORTE,R-01,MUELLE-D,SOJA,SHANGHAI,2024-11-06,16:52,2024-11-06,19:10,3586.83,19.1,12,EN_REVISION,2.3
MOV-00028,B-011,YANG-MING,R-01,MUELLE-E,CONTENEDORES,BUENOS AIRES,2020-08-28,20:53,2020-08-29,18:36,7648.32,11.7,12,PENDIENTE,21.716666666666665
MOV-00029,B-033,PIL-SANTA,R-01,MUELLE-C,HARINA,HAMBURG,2023-02-04,17:24,2023-02-07,03:49,3696.06,13.1,12,PENDIENTE,58.416666666666664
MOV-00030,B-038,MSC-ALPHA,R-02,MUELLE-D,SOJA,HAMBURG,2020-11-12,02:30,2020-11-13,20:47,4787.64,9.0,15,DESPACHADO,42.28333333333333
MOV-00031,B-028,MAERSK-LIMA,R-02,MUELLE-D,MAIZ,VALPARAISO,2022-01-04,11:27,2022-01-05,01:21,7051.4,13.5,12,DESPACHADO,13.9
MOV-00032,B-035,HAPAG-RIO,R-02,MUELLE-D,ACEITE,VALPARAISO,2021-02-11,00:00,2021-02-14,05:25,4514.36,8.9,12,RECHAZADO,77.41666666666667
MOV-00033,B-015,YANG-ESTE,R-06,MUELLE-B,TRIGO,VALPARAISO,2020-03-21,09:50,2020-03-23,08:34,3203.27,7.3,15,PENDIENTE,46.733333333333334
MOV-00036,B-007,EVERGREEN-02,R-06,MUELLE-A,CONTENEDORES,VALPARAISO,2020-07-06,21:13,2020-07-07,00:00,7869.46,10.5,12,PENDIENTE,2.783333333333333
MOV-00037,B-012,MAERSK-LIMA,R-01,MUELLE-B,GRANOS,SHANGHAI,2020-04-17,04:47,2020-04-19,00:00,4818.46,11.7,12,PENDIENTE,43.21666666666667
MOV-00038,B-007,HAPAG-SUR,R-08,MUELLE-A,SOJA,SHANGHAI,2023-04-13,17:45,2023-04-15,23:12,5881.61,13.0,15,PENDIENTE,53.45
MOV-00039,B-021,MAERSK-PAMPAS,R-06,MUELLE-F,HARINA,SHANGHAI,2024-08-30,02:05,2024-09-01,02:23,4473.89,8.9,10,PENDIENTE,48.3
MOV-00040,B-014,CMA-ROSARIO,R-08,MUELLE-B,SOJA,SHANGHAI,2024-07-11,13:54,2024-07-11,00:00,5727.86,13.6,10,EN_REVISION,
MOV-00041,B-030,MSC-ALPHA,R-03,MUELLE-C,HARINA,SHANGHAI,2020-04-11,21:05,2020-04-13,15:29,5518.64,10.8,15,DESPACHADO,42.4
MOV-00042,B-009,PIL-SANTA,R-05,MUELLE-C,SOJA,SANTA FE,2022-12-26,22:14,2022-12-29,00:00,4986.01,10.1,12,RECHAZADO,49.766666666666666
MOV-00043,B-030,EVERGREEN-02,R-02,MUELLE-D,SOJA,SAO PAULO,2024-11-17,09:47,2024-11-19,23:03,3759.99,10.1,12,RECHAZADO,61.266666666666666
MOV-00044,B-032,CMA-LITORAL,,MUELLE-F,ACEITE,SHANGHAI,2021-09-12,08:37,2021-09-12,00:00,3745.51,13.2,15,PENDIENTE,
MOV-00045,B-013,MSC-ALPHA,R-08,MUELLE-E,MAIZ,SANTA FE,2024-01-02,02:32,2024-01-03,00:00,7045.67,15.9,12,RECHAZADO,21.466666666666665
MOV-00046,B-017,YANG-ESTE,R-03,MUELLE-C,SOJA,MONTEVIDEO,2022-03-13,04:38,2022-03-13,04:59,4352.23,16.1,15,EN_REVISION,0.35
MOV-00047,B-015,CMA-ROSARIO,R-03,MUELLE-A,HARINA,BUENOS AIRES,2020-09-25,19:24,2020-09-26,11:24,3710.41,6.8,15,DESPACHADO,16.0
MOV-00050,B-004,ZIM-DELTA,,MUELLE-F,MINERALES,BUENOS AIRES,2020-02-03,20:32,2020-02-05,00:00,5731.9,9.0,15,DESPACHADO,27.466666666666665
MOV-00052,B-020,ONE-PLATA,R-07,MUELLE-E,MINERALES,VALPARAISO,2024-10-31,01:55,2024-11-01,00:00,5016.16,10.0,12,DESPACHADO,22.083333333333332
MOV-00053,B-019,MSC-ALPHA,R-02,MUELLE-A,ACEITE,VALPARAISO,2023-11-13,14:22,2023-11-16,06:21,3200.68,13.6,10,EN_REVISION,63.983333333333334
MOV-00054,B-005,ZIM-DELTA,R-06,MUELLE-C,CONTENEDORES,SANTA FE,2022-06-28,02:36,2022-06-28,00:00,3738.64,5.4,12,PENDIENTE,
MOV-00055,B-005,CMA-LITORAL,R-03,MUELLE-F,MINERALES,BUENOS AIRES,2023-01-15,09:57,2023-01-17,23:09,4068.6,7.9,15,EN_REVISION,61.2
MOV-00056,B-020,COSCO-TIGRE,R-08,MUELLE-E,CONTENEDORES,ROTTERDAM,2022-07-10,14:43,2022-07-13,00:00,5739.47,13.9,10,DESPACHADO,57.28333333333333
MOV-00057,B-006,PIL-SANTA,,MUELLE-F,HARINA,MONTEVIDEO,2020-12-11,18:37,2020-12-12,06:55,4600.06,11.1,15,EN_REVISION,12.3
MOV-00058,B-020,HAPAG-SUR,R-04,MUELLE-F,CONTENEDORES,VALPARAISO,2022-05-01,15:29,2022-05-02,09:42,5378.26,12.5,12,RECHAZADO,18.216666666666665
MOV-00060,B-004,PIL-OESTE,R-04,MUELLE-C,HARINA,BUENOS AIRES,2024-08-17,19:43,2024-08-18,12:30,2960.28,11.9,12,RECHAZADO,16.783333333333335
MOV-00061,B-040,MSC-ALPHA,R-03,MUELLE-D,HARINA,SHANGHAI,2022-01-24,00:00,2022-01-25,12:29,4740.29,9.6,10,RECHAZADO,36.483333333333334
MOV-00062,B-010,ZIM-DELTA,R-01,MUELLE-E,SOJA,SAO PAULO,2023-11-15,06:26,2023-11-18,21:09,3834.7,13.1,12,DESPACHADO,86.71666666666667
MOV-00063,B-017,YANG-ESTE,,MUELLE-B,TRIGO,VALPARAISO,2024-04-28,09:45,2024-04-29,00:00,5506.97,20.0,12,EN_REVISION,14.25
MOV-00064,B-029,PIL-SANTA,R-08,MUELLE-B,TRIGO,VALPARAISO,2021-05-05,07:03,2021-05-08,00:00,6079.58,15.2,15,EN_REVISION,64.95
MOV-00065,B-004,COSCO-STAR,R-04,MUELLE-E,GRANOS,MONTEVIDEO,2024-09-08,12:50,2024-09-11,00:00,5551.09,10.7,10,RECHAZADO,59.166666666666664
MOV-00066,B-022,HAPAG-RIO,,MUELLE-F,HARINA,MONTEVIDEO,2023-10-13,06:11,2023-10-15,00:00,4821.74,6.7,15,DESPACHADO,41.81666666666667
MOV-00067,B-004,MAERSK-LIMA,R-08,MUELLE-C,MAIZ,ROTTERDAM,2022-01-22,19:14,2022-01-24,00:00,4372.56,8.0,12,EN_REVISION,28.766666666666666
MOV-00068,B-037,MAERSK-LIMA,,MUELLE-E,TRIGO,MONTEVIDEO,2023-10-25,06:45,2023-10-28,00:00,4314.36,15.2,10,PENDIENTE,65.25
MOV-00069,B-004,COSCO-STAR,R-08,MUELLE-A,HARINA,ROTTERDAM,2023-08-15,13:23,2023-08-17,00:00,5243.16,6.9,15,PENDIENTE,34.61666666666667
MOV-00070,B-035,MAERSK-PAMPAS,R-07,MUELLE-B,TRIGO,HAMBURG,2024-04-16,03:02,2024-04-18,21:28,5435.43,13.6,15,EN_REVISION,66.43333333333334
MOV-00071,B-015,PIL-OESTE,R-06,MUELLE-E,ACEITE,SAO PAULO,2021-03-28,13:19,2021-03-30,18:55,7492.52,5.9,15,EN_REVISION,53.6
MOV-00072,B-015,YANG-MING,R-03,MUELLE-D,GRANOS,ROTTERDAM,2021-06-06,06:21,2021-06-06,03:44,4397.33,11.4,10,RECHAZADO,
MOV-00073,B-001,ONE-PARANA,R-04,MUELLE-F,SOJA,HAMBURG,2021-05-05,17:20,2021-05-07,00:00,4372.87,7.6,12,PENDIENTE,30.666666666666668
MOV-00074,B-038,PIL-OESTE,,MUELLE-C,MAIZ,SAO PAULO,2022-10-19,17:41,2022-10-21,00:00,5195.16,15.9,10,EN_REVISION,30.316666666666666
MOV-00075,B-004,MSC-GENOVA,R-07,MUELLE-B,TRIGO,BUENOS AIRES,1900-01-01,00:00,2020-05-06,00:00,6422.25,12.2,12,PENDIENTE,
MOV-00077,B-014,PIL-OESTE,R-08,MUELLE-C,GRANOS,BUENOS AIRES,2021-01-02,10:01,2021-01-03,10:53,6246.11,9.7,10,EN_REVISION,24.866666666666667
MOV-00078,B-004,MAERSK-LIMA,R-07,MUELLE-B,SOJA,SHANGHAI,2021-07-13,14:31,2021-07-14,10:10,6046.42,11.5,15,,19.65
MOV-00079,B-020,CMA-LITORAL,R-06,MUELLE-C,SOJA,MONTEVIDEO,2022-11-15,00:00,2022-11-15,22:39,5502.08,15.0,15,DESPACHADO,22.65
MOV-00080,B-010,COSCO-STAR,R-03,MUELLE-D,HARINA,ROTTERDAM,2021-05-20,23:40,2021-05-23,12:44,4522.23,12.1,12,EN_REVISION,61.06666666666667
MOV-00081,B-021,HAPAG-RIO,R-07,MUELLE-C,HARINA,HAMBURG,2022-01-17,03:59,2022-01-18,00:00,4553.31,14.2,12,PENDIENTE,20.016666666666666
MOV-00082,B-028,COSCO-TIGRE,R-02,MUELLE-D,MINERALES,ROTTERDAM,2023-12-07,17:38,2023-12-08,03:29,2956.91,10.6,12,RECHAZADO,9.85
MOV-00084,B-036,HAPAG-RIO,R-06,MUELLE-E,CONTENEDORES,HAMBURG,2023-08-04,21:27,2023-08-07,09:51,5500.0,8.0,10,PENDIENTE,60.4
MOV-00085,B-032,ONE-PLATA,R-06,MUELLE-E,CONTENEDORES,ROTTERDAM,2020-12-19,21:45,2020-12-21,00:00,3661.36,16.7,15,DESPACHADO,26.25
MOV-00086,B-011,HAPAG-SUR,R-05,MUELLE-B,MAIZ,SHANGHAI,2022-09-19,04:12,2022-09-21,00:00,3241.61,7.9,10,RECHAZADO,43.8
MOV-00087,B-036,ONE-PLATA,R-02,MUELLE-E,SOJA,VALPARAISO,2022-06-22,17:13,2022-06-25,00:00,3052.13,10.7,15,EN_REVISION,54.78333333333333
MOV-00088,B-011,YANG-ESTE,R-03,MUELLE-B,TRIGO,SANTA FE,2021-10-24,22:18,2021-10-26,15:18,3415.63,11.2,10,EN_REVISION,41.0
MOV-00089,B-026,HAPAG-SUR,R-03,MUELLE-E,HARINA,ROTTERDAM,2022-04-05,16:47,2022-04-07,18:29,3376.24,13.3,10,RECHAZADO,49.7
MOV-00090,B-021,YANG-MING,R-06,MUELLE-E,MAIZ,HAMBURG,2020-07-22,20:50,2020-07-25,00:00,6600.55,8.9,10,EN_REVISION,51.166666666666664
MOV-00091,B-011,EVER-GLORY,R-07,MUELLE-F,HARINA,SAO PAULO,2021-03-13,15:04,1900-01-01,07:29,3952.69,8.1,10,RECHAZADO,
MOV-00092,B-009,CMA-ROSARIO,R-02,MUELLE-E,GRANOS,MONTEVIDEO,2020-11-06,13:39,2020-11-09,19:31,4506.73,13.7,15,RECHAZADO,77.86666666666666
MOV-00093,B-020,ONE-PARANA,,MUELLE-F,CONTENEDORES,VALPARAISO,2022-10-10,12:07,2022-10-11,19:40,5449.48,6.8,10,DESPACHADO,31.55
MOV-00094,B-003,EVER-GLORY,R-07,MUELLE-E,HARINA,ROTTERDAM,2023-01-06,19:09,2023-01-08,19:38,4851.58,10.8,15,RECHAZADO,48.483333333333334
MOV-00095,B-040,YANG-ESTE,R-01,MUELLE-C,MAIZ,BUENOS AIRES,2022-10-13,11:33,2022-10-16,00:00,4512.15,7.5,10,DESPACHADO,60.45
MOV-00096,B-032,PIL-OESTE,R-03,MUELLE-C,MAIZ,VALPARAISO,2021-04-12,23:32,2021-04-13,10:40,6414.81,9.2,10,DESPACHADO,11.133333333333333
MOV-00097,B-024,MAERSK-LIMA,,MUELLE-B,TRIGO,SANTA FE,1900-01-01,09:20,2024-05-04,23:36,6218.43,13.4,12,RECHAZADO,
MOV-00098,B-023,MSC-GENOVA,R-06,MUELLE-A,CONTENEDORES,VALPARAISO,2022-10-04,01:09,2022-10-05,00:00,5952.49,20.2,12,DESPACHADO,22.85
MOV-00099,B-021,COSCO-TIGRE,R-06,MUELLE-C,MINERALES,VALPARAISO,2020-08-11,04:06,2020-08-12,23:09,5720.42,12.9,15,PENDIENTE,43.05
MOV-00100,B-023,COSCO-TIGRE,R-01,MUELLE-F,HARINA,VALPARAISO,2023-02-12,23:35,2023-02-14,00:00,6198.39,12.6,12,PENDIENTE,24.416666666666668
MOV-00101,B-029,CMA-ROSARIO,R-02,MUELLE-C,SOJA,SANTA FE,2024-08-09,23:25,2024-08-12,21:51,7588.44,14.1,12,RECHAZADO,70.43333333333334
MOV-00102,B-013,ONE-PLATA,R-04,MUELLE-F,GRANOS,ROTTERDAM,1900-01-01,16:20,2023-03-06,00:00,2924.29,12.7,12,EN_REVISION,
MOV-00104,B-012,MSC-ALPHA,R-01,MUELLE-A,MAIZ,MONTEVIDEO,2022-02-04,22:42,2022-02-07,12:27,6357.43,7.1,10,DESPACHADO,61.75
MOV-00105,B-019,CMA-ROSARIO,R-03,MUELLE-F,GRANOS,ROTTERDAM,2021-03-28,20:36,2021-03-29,00:00,5434.73,14.4,15,DESPACHADO,3.4
MOV-00106,B-001,EVERGLORY,R-07,MUELLE-D,CONTENEDORES,MONTEVIDEO,2022-02-07,03:53,2022-02-09,00:00,3830.31,12.1,15,RECHAZADO,44.11666666666667
MOV-00108,B-019,COSCO-STAR,R-08,MUELLE-A,HARINA,ROTTERDAM,2023-08-07,17:24,2023-08-08,17:21,3238.98,12.3,10,RECHAZADO,23.95
MOV-00109,B-025,ONE-PLATA,R-07,MUELLE-E,MINERALES,SAO PAULO,2020-03-12,16:36,2020-03-15,00:00,4636.62,14.9,15,RECHAZADO,55.4
MOV-00110,B-005,COSCO-STAR,R-07,MUELLE-E,CONTENEDORES,SHANGHAI,2024-05-29,22:39,2024-06-01,22:57,2342.09,11.2,10,EN_REVISION,72.3
MOV-00111,B-012,PIL-SANTA,R-07,MUELLE-B,CONTENEDORES,SANTA FE,1900-01-01,23:30,2020-04-12,15:42,5827.96,10.3,10,RECHAZADO,
MOV-00112,B-014,MAERSK-PAMPAS,R-08,MUELLE-E,ACEITE,SANTA FE,2020-10-04,16:56,2020-10-04,01:16,6728.89,13.9,12,PENDIENTE,
MOV-00114,B-018,MAERSK-PAMPAS,R-07,MUELLE-C,MINERALES,VALPARAISO,2022-03-24,18:06,2022-03-24,00:00,3234.8,12.9,15,PENDIENTE,
MOV-00116,B-036,HAPAG-RIO,R-06,MUELLE-F,SOJA,SAO PAULO,2024-06-02,10:23,2024-06-03,00:00,5405.43,18.0,12,EN_REVISION,13.616666666666667
MOV-00118,B-034,ONE-PARANA,R-01,MUELLE-F,GRANOS,SAO PAULO,2020-07-29,12:32,2020-07-31,10:00,4616.91,9.4,10,PENDIENTE,45.46666666666667
MOV-00121,B-007,PIL-SANTA,R-04,MUELLE-D,HARINA,VALPARAISO,2024-10-11,00:00,2024-10-13,00:00,7090.14,13.7,10,RECHAZADO,48.0
MOV-00123,B-034,PIL-OESTE,R-04,MUELLE-F,ACEITE,BUENOS AIRES,2023-09-21,00:00,2023-09-24,11:51,4522.16,10.1,12,RECHAZADO,83.85
MOV-00124,B-016,COSCO-STAR,R-08,MUELLE-D,MINERALES,BUENOS AIRES,1900-01-01,20:01,2024-03-07,00:00,4429.79,12.5,12,RECHAZADO,
MOV-00125,B-039,HAPAG-SUR,R-06,MUELLE-F,MINERALES,BUENOS AIRES,2021-12-28,20:51,2021-12-30,19:59,5049.73,9.9,12,DESPACHADO,47.13333333333333
MOV-00126,B-003,PIL-OESTE,R-02,MUELLE-D,MINERALES,MONTEVIDEO,2022-06-05,18:30,2022-06-08,00:51,6958.34,12.1,15,RECHAZADO,54.35
MOV-00127,B-009,CMA-ROSARIO,R-07,MUELLE-E,HARINA,SHANGHAI,2023-11-07,11:58,2023-11-08,00:00,5509.85,16.0,12,PENDIENTE,12.033333333333333
MOV-00128,B-034,MAERSK-LIMA,R-01,MUELLE-D,MAIZ,SANTA FE,2021-08-09,21:16,2021-08-10,12:04,5618.79,16.8,10,DESPACHADO,14.8
MOV-00129,B-025,COSCO-TIGRE,R-07,MUELLE-F,ACEITE,SANTA FE,2024-08-26,07:58,2024-08-28,00:00,4967.85,10.0,12,DESPACHADO,40.03333333333333
MOV-00130,B-022,CMA-LITORAL,R-03,MUELLE-A,MAIZ,SHANGHAI,2021-09-08,15:50,2021-09-10,21:22,5249.07,7.8,15,DESPACHADO,53.53333333333333
MOV-00131,B-036,MSC-GENOVA,R-02,MUELLE-F,ACEITE,HAMBURG,2021-05-14,00:00,2021-05-15,03:54,6365.94,9.7,15,PENDIENTE,27.9
MOV-00132,B-035,ZIM-NORTE,R-01,MUELLE-F,SOJA,SAO PAULO,2021-02-25,17:53,2021-02-28,06:17,5833.54,9.6,10,,60.4
MOV-00133,B-008,ZIM-NORTE,R-01,MUELLE-F,SOJA,SANTA FE,2024-05-30,21:19,2024-05-31,00:00,4111.59,14.8,12,DESPACHADO,2.683333333333333
MOV-00134,B-001,ZIM-NORTE,R-03,MUELLE-A,GRANOS,SANTA FE,2021-03-06,23:47,2021-03-08,01:46,2170.48,10.3,12,RECHAZADO,25.983333333333334
MOV-00136,B-031,CMA-LITORAL,R-08,MUELLE-C,HARINA,HAMBURG,2024-10-24,04:57,2024-10-27,11:29,5737.11,15.7,12,DESPACHADO,78.53333333333333
MOV-00137,B-026,ZIM-DELTA,R-05,MUELLE-B,MINERALES,BUENOS AIRES,2024-10-02,19:43,2024-10-03,18:48,4885.13,12.3,10,RECHAZADO,23.083333333333332
MOV-00140,B-026,YANG-ESTE,R-01,MUELLE-F,HARINA,BUENOS AIRES,2020-12-15,07:53,2020-12-17,00:00,1422.1,15.0,12,PENDIENTE,40.11666666666667
MOV-00141,B-010,YANG-ESTE,R-02,MUELLE-B,MINERALES,SANTA FE,2023-01-09,00:57,2023-01-11,11:48,6467.82,14.4,15,DESPACHADO,58.85
MOV-00142,B-019,YANG-ESTE,R-07,MUELLE-C,TRIGO,SANTA FE,2022-02-07,20:13,2022-02-09,00:00,4469.82,11.3,10,DESPACHADO,27.783333333333335
MOV-00143,B-037,EVERGREEN-02,R-07,MUELLE-F,MAIZ,BUENOS AIRES,2020-07-24,06:32,2020-07-26,09:21,3243.42,13.5,10,PENDIENTE,50.81666666666667
MOV-00145,B-005,COSCO-STAR,R-05,MUELLE-F,ACEITE,SHANGHAI,2022-04-07,18:00,2022-04-09,00:09,5457.35,19.6,12,EN_REVISION,30.15
MOV-00146,B-030,PIL-OESTE,R-01,MUELLE-D,SOJA,VALPARAISO,2023-10-18,22:14,2023-10-20,04:19,3433.59,15.6,10,DESPACHADO,30.083333333333332
MOV-00147,B-013,HAPAG-SUR,R-04,MUELLE-B,TRIGO,VALPARAISO,2021-12-30,00:00,2021-12-30,00:00,5296.73,17.6,15,PENDIENTE,0.0
MOV-00148,B-037,CMA-ROSARIO,R-01,MUELLE-E,CONTENEDORES,HAMBURG,2024-05-08,05:29,1900-01-01,00:00,3799.66,12.0,15,DESPACHADO,
MOV-00149,B-024,EVERGREEN02,R-07,MUELLE-C,MINERALES,MONTEVIDEO,2024-01-16,08:51,2024-01-17,17:47,6811.06,11.4,10,PENDIENTE,32.93333333333333
MOV-00150,B-004,COSCO-TIGRE,R-02,MUELLE-F,MAIZ,SANTA FE,2020-07-16,14:47,2020-07-18,23:33,5532.93,8.9,15,PENDIENTE,56.766666666666666
MOV-00151,B-029,COSCO-STAR,R-07,MUELLE-E,HARINA,HAMBURG,2022-05-13,20:39,2022-05-16,16:51,6161.38,8.8,12,,68.2
MOV-00154,B-031,YANG-MING,R-01,MUELLE-D,HARINA,SAO PAULO,2022-06-14,12:15,2022-06-15,23:25,4259.56,11.4,15,DESPACHADO,35.166666666666664
MOV-00155,B-008,CMA-LITORAL,R-08,MUELLE-C,MINERALES,SAO PAULO,2020-02-15,05:06,2020-02-16,00:00,5380.06,12.1,15,EN_REVISION,18.9
MOV-00156,B-005,ZIM-NORTE,R-08,MUELLE-B,TRIGO,VALPARAISO,2021-05-24,12:49,2021-05-27,22:09,5288.94,10.7,15,RECHAZADO,81.33333333333333
MOV-00157,B-024,EVER-GLORY,R-04,MUELLE-A,TRIGO,ROTTERDAM,2020-09-02,12:50,2020-09-03,12:22,7124.81,12.5,15,EN_REVISION,23.533333333333335
MOV-00158,B-007,CMA-ROSARIO,R-08,MUELLE-B,ACEITE,SHANGHAI,2022-01-03,23:08,2022-01-05,00:00,4973.71,11.4,12,RECHAZADO,24.866666666666667
MOV-00159,B-024,CMA-LITORAL,R-01,MUELLE-F,CONTENEDORES,MONTEVIDEO,2021-05-04,10:46,2021-05-04,21:19,4166.36,10.0,15,DESPACHADO,10.55
MOV-00160,B-007,EVER-GLORY,R-07,MUELLE-F,MINERALES,VALPARAISO,2020-01-27,06:41,2020-01-30,05:06,3906.55,15.0,10,DESPACHADO,70.41666666666667
MOV-00161,B-007,ZIM-DELTA,R-07,MUELLE-B,TRIGO,SAO PAULO,2020-08-04,20:36,2020-08-06,00:00,3568.46,10.6,15,PENDIENTE,27.4
MOV-00163,B-009,PIL-SANTA,R-06,MUELLE-E,TRIGO,SAO PAULO,2023-03-11,06:46,2023-03-11,10:00,5197.28,10.8,12,EN_REVISION,3.2333333333333334
MOV-00164,B-008,ZIM-DELTA,R-01,MUELLE-F,CONTENEDORES,SANTA FE,2020-11-02,10:32,2020-11-03,09:47,3959.8,11.6,15,EN_REVISION,23.25
MOV-00165,B-009,CMA-ROSARIO,R-08,MUELLE-E,TRIGO,HAMBURG,2024-02-15,16:15,2024-02-17,00:00,4543.07,10.4,15,RECHAZADO,31.75
MOV-00168,B-034,YANG-MING,R-06,MUELLE-D,CONTENEDORES,MONTEVIDEO,2021-09-11,00:00,2021-09-12,00:00,4361.49,14.3,15,DESPACHADO,24.0
MOV-00169,B-016,PIL-OESTE,R-03,MUELLE-D,HARINA,SHANGHAI,2023-04-04,17:43,2023-04-05,00:00,4211.84,11.5,10,RECHAZADO,6.283333333333333
MOV-00170,B-021,MAERSK-PAMPAS,R-07,MUELLE-C,MINERALES,VALPARAISO,2020-02-23,00:00,2020-02-25,00:00,5103.71,10.6,10,PENDIENTE,48.0
MOV-00172,B-016,ONE-PLATA,R-07,MUELLE-F,GRANOS,ROTTERDAM,2024-05-03,09:29,2024-05-04,00:00,5476.51,15.0,12,DESPACHADO,14.516666666666667
MOV-00173,B-013,CMA-LITORAL,R-02,MUELLE-C,ACEITE,MONTEVIDEO,2022-01-13,02:33,2022-01-15,08:01,6578.29,14.5,15,DESPACHADO,53.46666666666667
MOV-00174,B-019,HAPAG-RIO,,MUELLE-B,TRIGO,SANTA FE,2023-01-18,00:38,2023-01-20,00:00,6403.92,12.3,12,EN_REVISION,47.36666666666667
MOV-00175,B-039,YANG-MING,R-06,MUELLE-A,GRANOS,BUENOS AIRES,2023-06-05,21:44,2023-06-06,00:00,5711.29,11.9,12,RECHAZADO,2.2666666666666666
MOV-00176,B-014,YANG-ESTE,R-01,MUELLE-A,SOJA,HAMBURG,2022-12-12,18:39,2022-12-14,00:00,2911.86,14.6,12,EN_REVISION,29.35
MOV-00178,B-022,CMA-LITORAL,R-07,MUELLE-F,GRANOS,VALPARAISO,2023-11-04,10:51,2023-11-06,00:00,4780.6,11.8,15,EN_REVISION,37.15
MOV-00179,B-024,CMA-LITORAL,,MUELLE-B,HARINA,MONTEVIDEO,2020-07-08,14:32,2020-07-08,23:40,4766.89,12.6,10,DESPACHADO,9.133333333333333
MOV-00180,B-008,MSC-GENOVA,R-05,MUELLE-A,SOJA,SHANGHAI,2024-03-06,09:01,2024-03-08,07:55,5429.51,11.1,15,RECHAZADO,46.9
MOV-00181,B-019,PIL-OESTE,R-04,MUELLE-B,SOJA,VALPARAISO,2022-08-22,21:03,2022-08-23,01:25,4625.31,11.8,10,EN_REVISION,4.366666666666666
MOV-00182,B-006,CMA-LITORAL,R-02,MUELLE-D,HARINA,HAMBURG,2021-06-12,11:25,2021-06-13,19:00,5098.03,14.1,15,RECHAZADO,31.583333333333332
MOV-00183,B-005,YANG-MING,R-08,MUELLE-D,CONTENEDORES,SAO PAULO,2020-05-15,10:13,2020-05-17,00:00,1905.72,9.6,12,PENDIENTE,37.78333333333333
MOV-00184,B-007,YANG-ESTE,R-07,MUELLE-C,MINERALES,SANTA FE,2024-03-26,20:51,2024-03-27,22:04,5132.64,13.6,15,DESPACHADO,25.216666666666665
MOV-00185,B-040,ONE-PLATA,R-07,MUELLE-B,HARINA,SANTA FE,2023-12-11,17:52,2023-12-13,00:00,7558.47,7.4,10,EN_REVISION,30.133333333333333
MOV-00187,B-003,EVER-GLORY,R-08,MUELLE-F,ACEITE,BUENOS AIRES,2024-02-06,16:54,2024-02-08,00:00,5476.14,11.7,15,RECHAZADO,31.1
MOV-00188,B-022,MAERSKPAMPAS,R-06,MUELLE-C,HARINA,MONTEVIDEO,2024-01-28,18:16,2024-01-29,00:00,4451.99,8.2,12,DESPACHADO,5.733333333333333
MOV-00189,B-039,HAPAG-RIO,R-03,MUELLE-F,MINERALES,SHANGHAI,2021-01-05,16:55,2021-01-06,00:00,4868.31,16.6,12,PENDIENTE,7.083333333333333
MOV-00190,B-011,CMA-LITORAL,R-07,MUELLE-D,HARINA,HAMBURG,2021-06-21,04:33,2021-06-23,07:52,3633.6,15.2,12,PENDIENTE,51.31666666666667
MOV-00191,B-038,COSCO-TIGRE,R-08,MUELLE-F,TRIGO,SAO PAULO,1900-01-01,00:43,2023-01-26,10:52,3336.38,3.5,12,EN_REVISION,
MOV-00192,B-039,CMA-ROSARIO,R-07,MUELLE-F,MAIZ,BUENOS AIRES,2023-08-01,14:59,2023-08-03,22:58,4971.79,15.4,10,PENDIENTE,55.983333333333334
MOV-00194,B-015,MSC-GENOVA,R-07,MUELLE-F,MINERALES,BUENOS AIRES,2023-07-18,20:05,2023-07-20,00:00,4489.78,14.2,10,EN_REVISION,27.916666666666668
MOV-00195,B-009,EVER-GLORY,R-04,MUELLE-A,TRIGO,HAMBURG,1900-01-01,17:53,2022-10-23,00:00,6380.91,13.4,12,RECHAZADO,
MOV-00196,B-002,HAPAG-SUR,R-01,MUELLE-B,MAIZ,SANTA FE,2022-07-23,19:10,2022-07-24,00:00,3250.96,7.2,10,PENDIENTE,4.833333333333333
MOV-00198,B-009,ONE-PARANA,R-03,MUELLE-F,HARINA,HAMBURG,2020-03-18,19:11,2020-03-21,05:37,5050.15,13.9,15,RECHAZADO,58.43333333333333
MOV-00199,B-008,CMA-ROSARIO,R-08,MUELLE-D,MAIZ,MONTEVIDEO,2022-06-09,08:21,2022-06-11,00:00,6076.86,13.0,10,DESPACHADO,39.65
MOV-00200,B-027,ONEPARANA,R-07,MUELLE-B,SOJA,HAMBURG,2023-06-02,14:11,2023-06-04,17:01,6209.9,13.1,10,RECHAZADO,50.833333333333336
MOV-00201,B-040,HAPAG-RIO,R-04,MUELLE-A,CONTENEDORES,HAMBURG,2020-01-30,23:27,2020-02-01,01:35,3082.43,8.9,12,PENDIENTE,26.133333333333333
MOV-00203,B-019,MAERSK-PAMPAS,R-05,MUELLE-F,TRIGO,BUENOS AIRES,2022-01-15,01:07,2022-01-17,00:00,4964.0,11.0,15,EN_REVISION,46.88333333333333
MOV-00204,B-015,MSC-ALPHA,R-06,MUELLE-C,CONTENEDORES,VALPARAISO,2022-10-23,16:53,2022-10-24,00:00,6017.96,13.1,12,DESPACHADO,7.116666666666666
MOV-00205,B-011,PIL-SANTA,R-02,MUELLE-F,MAIZ,HAMBURG,2020-02-16,00:00,2020-02-17,23:28,6029.02,9.4,15,PENDIENTE,47.46666666666667
MOV-00206,B-030,YANG-MING,R-03,MUELLE-C,MAIZ,VALPARAISO,2020-10-30,11:18,2020-11-02,07:21,1826.69,12.8,10,PENDIENTE,68.05
MOV-00207,B-021,EVERGREEN-02,R-03,MUELLE-C,MINERALES,MONTEVIDEO,2024-04-22,04:29,2024-04-24,13:23,5194.81,12.5,12,EN_REVISION,56.9
MOV-00208,B-003,CMA-ROSARIO,R-02,MUELLE-C,GRANOS,ROTTERDAM,2023-05-30,20:12,2023-06-02,00:00,4501.51,12.4,10,PENDIENTE,51.8
MOV-00209,B-024,COSCO-TIGRE,R-06,MUELLE-A,HARINA,SHANGHAI,2020-06-28,06:46,2020-06-30,00:00,4534.82,15.0,15,EN_REVISION,41.233333333333334
MOV-00210,B-025,COSCO-STAR,R-01,MUELLE-D,HARINA,ROTTERDAM,2021-02-12,05:53,2021-02-14,00:00,3226.17,10.4,10,PENDIENTE,42.11666666666667
MOV-00211,B-016,MSC-GENOVA,,MUELLE-C,MINERALES,BUENOS AIRES,2023-07-10,21:30,2023-07-11,08:15,3647.14,10.1,12,EN_REVISION,10.75
MOV-00212,B-005,ONE-PLATA,R-04,MUELLE-F,MAIZ,BUENOS AIRES,2024-06-26,09:17,1900-01-01,00:00,2656.02,10.3,15,PENDIENTE,
MOV-00213,B-035,ZIM-NORTE,R-02,MUELLE-D,MINERALES,BUENOS AIRES,2021-12-14,09:44,2021-12-16,00:00,6140.31,5.8,12,DESPACHADO,38.266666666666666
MOV-00214,B-008,COSCO-STAR,R-01,MUELLE-D,CONTENEDORES,SANTA FE,2023-04-29,01:30,1900-01-01,00:00,6659.65,15.3,15,PENDIENTE,
MOV-00215,B-040,ZIM-DELTA,R-02,MUELLE-A,GRANOS,SAO PAULO,2020-01-09,23:06,2020-01-11,00:00,5718.25,11.6,15,PENDIENTE,24.9
MOV-00217,B-038,MAERSK-LIMA,R-03,MUELLE-A,ACEITE,SAO PAULO,2020-09-08,07:53,2020-09-10,11:43,5711.2,17.5,12,EN_REVISION,51.833333333333336
MOV-00219,B-008,COSCO-TIGRE,R-08,MUELLE-C,CONTENEDORES,HAMBURG,2024-10-28,09:56,2024-10-29,06:23,5729.66,12.4,15,RECHAZADO,20.45
MOV-00224,B-028,EVER-GLORY,R-04,MUELLE-B,HARINA,MONTEVIDEO,2023-02-01,05:41,2023-02-01,14:22,4885.84,17.4,15,DESPACHADO,8.683333333333334
MOV-00225,B-033,MAERSK-LIMA,R-05,MUELLE-D,SOJA,SAO PAULO,2024-02-18,12:51,2024-02-19,17:26,5151.1,9.4,15,DESPACHADO,28.583333333333332
MOV-00226,B-031,EVERGREEN-02,R-05,MUELLE-A,GRANOS,SANTA FE,2023-12-05,11:57,1900-01-01,00:00,4977.84,15.0,15,PENDIENTE,
MOV-00227,B-003,PILSANTA,R-02,MUELLE-D,MINERALES,ROTTERDAM,2024-08-15,05:44,2024-08-16,00:00,4500.33,6.0,10,EN_REVISION,18.266666666666666
MOV-00228,B-011,ZIM-DELTA,R-03,MUELLE-E,CONTENEDORES,SHANGHAI,2020-12-21,21:37,2020-12-23,00:00,3061.88,12.7,12,RECHAZADO,26.383333333333333
MOV-00229,B-026,YANG-ESTE,R-07,MUELLE-E,HARINA,MONTEVIDEO,2020-08-28,00:45,2020-08-30,06:24,5707.51,11.5,15,DESPACHADO,53.65
MOV-00230,B-027,HAPAG-RIO,R-07,MUELLE-B,GRANOS,VALPARAISO,2022-01-27,18:43,2022-01-30,23:49,5119.68,15.3,10,EN_REVISION,77.1
MOV-00231,B-039,EVER-GLORY,R-01,MUELLE-C,CONTENEDORES,VALPARAISO,2020-03-25,18:11,2020-03-27,11:54,4696.55,10.6,15,RECHAZADO,41.71666666666667
MOV-00232,B-017,ONE-PLATA,R-06,MUELLE-D,MAIZ,SHANGHAI,2023-07-27,14:03,2023-07-28,03:11,5058.98,10.3,15,RECHAZADO,13.133333333333333
MOV-00235,B-020,HAPAG-SUR,R-07,MUELLE-F,HARINA,MONTEVIDEO,2021-02-13,15:28,2021-02-15,18:05,3852.51,7.1,15,EN_REVISION,50.61666666666667
MOV-00236,B-019,CMA-LITORAL,R-07,MUELLE-A,MINERALES,VALPARAISO,2024-09-19,07:33,2024-09-21,10:20,6813.28,11.5,12,PENDIENTE,50.78333333333333
MOV-00238,B-026,YANG-MING,R-02,MUELLE-B,MAIZ,SANTA FE,2024-10-25,00:13,2024-10-27,23:34,5163.81,12.3,10,PENDIENTE,71.35
MOV-00239,B-013,YANG-MING,R-07,MUELLE-A,ACEITE,SANTA FE,2024-10-03,15:47,2024-10-05,15:02,3705.46,8.5,12,DESPACHADO,47.25
MOV-00240,B-040,EVERGREEN-02,R-08,MUELLE-F,CONTENEDORES,SANTA FE,2022-06-16,07:32,2022-06-17,22:06,4814.52,13.9,12,PENDIENTE,38.56666666666667
MOV-00241,B-006,HAPAG-SUR,R-03,MUELLE-B,TRIGO,MONTEVIDEO,2021-09-13,07:13,2021-09-13,00:00,6002.7,13.8,12,RECHAZADO,
MOV-00242,B-036,PIL-SANTA,R-03,MUELLE-F,SOJA,SANTA FE,2020-08-04,19:39,2020-08-05,19:27,5932.18,4.7,10,RECHAZADO,23.8
MOV-00244,B-011,MAERSKPAMPAS,R-01,MUELLE-D,GRANOS,MONTEVIDEO,2024-11-28,16:18,2024-12-01,00:00,8324.78,10.8,15,DESPACHADO,55.7
MOV-00245,B-023,COSCO-TIGRE,R-04,MUELLE-C,SOJA,SANTA FE,2022-12-01,00:00,2022-12-03,17:16,3527.05,15.0,10,EN_REVISION,65.26666666666667
MOV-00246,B-004,MAERSK-LIMA,R-08,MUELLE-C,GRANOS,HAMBURG,2023-03-04,22:57,2023-03-07,00:00,7158.69,11.4,15,EN_REVISION,49.05
MOV-00247,B-006,EVER-GLORY,R-07,MUELLE-B,MINERALES,SAO PAULO,2023-04-19,17:33,2023-04-21,00:01,6590.95,14.1,12,RECHAZADO,30.466666666666665
MOV-00248,B-003,HAPAG-RIO,R-06,MUELLE-A,CONTENEDORES,BUENOS AIRES,2020-11-09,03:23,2020-11-10,00:00,4322.59,13.8,15,DESPACHADO,20.616666666666667
MOV-00250,B-036,COSCO-STAR,R-04,MUELLE-E,GRANOS,SAO PAULO,2022-12-25,05:01,2022-12-26,01:14,4767.09,12.0,15,RECHAZADO,20.216666666666665
MOV-00251,B-007,ZIM-NORTE,R-03,MUELLE-C,MAIZ,MONTEVIDEO,2023-10-21,05:03,2023-10-23,17:43,5079.71,10.3,12,EN_REVISION,60.666666666666664
MOV-00252,B-021,CMA-LITORAL,R-07,MUELLE-A,MINERALES,SANTA FE,2021-07-05,17:37,2021-07-06,00:00,3225.04,7.1,10,,6.383333333333334
MOV-00253,B-030,YANG-ESTE,R-05,MUELLE-F,MAIZ,SANTA FE,2021-05-28,21:24,2021-05-30,12:38,6258.33,10.6,15,DESPACHADO,39.233333333333334
MOV-00254,B-022,PIL-SANTA,R-08,MUELLE-C,TRIGO,SHANGHAI,1900-01-01,22:08,2020-02-03,19:49,5742.74,19.4,12,EN_REVISION,
MOV-00255,B-025,YANG-ESTE,,MUELLE-D,MAIZ,SANTA FE,2020-01-20,07:47,2020-01-20,00:00,2261.35,13.6,12,DESPACHADO,
MOV-00256,B-008,PIL-SANTA,R-08,MUELLE-B,TRIGO,MONTEVIDEO,2021-06-15,00:00,2021-06-17,09:19,3310.51,9.4,10,DESPACHADO,57.31666666666667
MOV-00257,B-018,MAERSK-LIMA,R-08,MUELLE-D,ACEITE,SANTA FE,2022-07-08,10:00,2022-07-10,08:37,7570.29,14.0,15,PENDIENTE,46.61666666666667
MOV-00258,B-022,PIL-SANTA,R-04,MUELLE-A,MINERALES,SAO PAULO,2024-06-14,07:04,2024-06-16,00:00,6104.19,7.2,15,EN_REVISION,40.93333333333333
MOV-00259,B-019,COSCO-TIGRE,R-07,MUELLE-A,CONTENEDORES,SAO PAULO,2024-12-07,19:39,2024-12-08,12:41,3716.45,13.0,12,DESPACHADO,17.033333333333335
MOV-00260,B-016,CMA-ROSARIO,R-01,MUELLE-A,MAIZ,VALPARAISO,2021-09-29,00:00,2021-09-30,00:00,3263.07,11.6,12,RECHAZADO,24.0
MOV-00262,B-024,EVER-GLORY,R-01,MUELLE-B,TRIGO,VALPARAISO,2021-11-26,17:15,2021-11-27,06:07,5181.36,14.3,10,PENDIENTE,12.866666666666667
MOV-00263,B-028,COSCO-STAR,R-02,MUELLE-B,MAIZ,SAO PAULO,2023-05-12,13:40,2023-05-14,00:00,3190.89,11.1,12,PENDIENTE,34.333333333333336
MOV-00264,B-011,ONE-PLATA,R-07,MUELLE-F,ACEITE,HAMBURG,2023-11-23,15:45,2023-11-26,18:11,5817.49,16.3,15,RECHAZADO,74.43333333333334
MOV-00266,B-020,PIL-SANTA,R-04,MUELLE-F,MAIZ,VALPARAISO,2024-05-22,12:25,2024-05-22,00:00,5122.85,9.6,12,DESPACHADO,
MOV-00268,B-025,ONE-PARANA,R-07,MUELLE-A,CONTENEDORES,SAO PAULO,2023-08-01,09:05,2023-08-02,02:32,6208.92,14.5,12,RECHAZADO,17.45
MOV-00269,B-027,COSCO-TIGRE,R-03,MUELLE-A,MAIZ,ROTTERDAM,2020-09-23,06:19,2020-09-25,00:00,4948.7,9.0,10,RECHAZADO,41.68333333333333
MOV-00270,B-030,PIL-OESTE,R-01,MUELLE-F,SOJA,VALPARAISO,2022-03-11,19:52,2022-03-12,22:17,3681.56,16.7,12,RECHAZADO,26.416666666666668
MOV-00271,B-014,HAPAG-SUR,R-07,MUELLE-E,SOJA,SHANGHAI,2022-04-19,14:10,2022-04-21,03:40,5048.21,8.4,12,DESPACHADO,37.5
MOV-00273,B-007,COSCO-TIGRE,R-05,MUELLE-D,GRANOS,SANTA FE,2022-02-06,00:00,2022-02-06,19:51,5287.5,6.9,10,DESPACHADO,19.85
MOV-00274,B-013,YANG-ESTE,R-04,MUELLE-E,CONTENEDORES,ROTTERDAM,2020-12-21,00:25,2020-12-22,00:00,5062.63,13.4,12,DESPACHADO,23.583333333333332
MOV-00275,B-017,MAERSK-LIMA,R-06,MUELLE-F,CONTENEDORES,MONTEVIDEO,2021-10-13,21:30,2021-10-14,00:00,5918.93,16.5,15,EN_REVISION,2.5
MOV-00276,B-019,ONE-PARANA,R-03,MUELLE-D,TRIGO,SANTA FE,2024-02-22,10:08,2024-02-24,00:00,6436.2,10.1,12,PENDIENTE,37.86666666666667
MOV-00277,B-015,YANG-ESTE,R-07,MUELLE-E,ACEITE,MONTEVIDEO,2020-05-23,06:03,2020-05-24,00:00,4699.31,11.2,12,RECHAZADO,17.95
MOV-00278,B-031,COSCO-STAR,R-06,MUELLE-D,CONTENEDORES,MONTEVIDEO,2022-06-06,04:52,2022-06-08,11:13,3671.8,13.3,15,RECHAZADO,54.35
MOV-00279,B-010,ONE-PARANA,R-01,MUELLE-A,ACEITE,HAMBURG,2022-02-03,12:31,2022-02-05,03:09,7544.0,8.8,15,RECHAZADO,38.63333333333333
MOV-00280,B-028,ZIM-DELTA,R-04,MUELLE-D,GRANOS,SHANGHAI,2023-05-24,00:00,2023-05-25,00:00,4440.04,7.9,12,DESPACHADO,24.0
MOV-00281,B-035,COSCO-TIGRE,R-05,MUELLE-F,CONTENEDORES,BUENOS AIRES,2024-07-25,00:00,2024-07-26,14:51,3637.45,8.1,12,DESPACHADO,38.85
MOV-00283,B-001,COSCO-TIGRE,R-05,MUELLE-D,MINERALES,SHANGHAI,2021-10-07,07:23,2021-10-09,13:43,4060.33,15.9,12,RECHAZADO,54.333333333333336
MOV-00284,B-031,ONE-PLATA,R-07,MUELLE-F,TRIGO,SANTA FE,2024-07-11,23:20,2024-07-14,12:25,6127.94,12.3,10,EN_REVISION,61.083333333333336
MOV-00285,B-033,EVERGLORY,R-03,MUELLE-D,SOJA,VALPARAISO,2022-09-14,21:34,2022-09-16,01:40,5642.51,14.8,10,RECHAZADO,28.1
MOV-00286,B-035,HAPAG-SUR,R-02,MUELLE-F,ACEITE,SAO PAULO,2024-03-01,23:46,2024-03-04,05:48,4278.62,9.7,15,DESPACHADO,54.03333333333333
MOV-00288,B-018,PIL-OESTE,R-08,MUELLE-F,TRIGO,HAMBURG,2020-11-08,22:13,2020-11-10,17:17,4668.42,9.2,12,EN_REVISION,43.06666666666667
MOV-00289,B-019,YANG-MING,R-04,MUELLE-F,CONTENEDORES,BUENOS AIRES,2024-10-06,22:19,2024-10-09,00:00,4054.49,16.8,10,PENDIENTE,49.68333333333333
MOV-00290,B-011,EVER-GLORY,R-02,MUELLE-C,MINERALES,MONTEVIDEO,2023-04-30,13:09,2023-05-02,23:55,6069.33,14.4,12,,58.766666666666666
MOV-00291,B-008,COSCO-STAR,R-02,MUELLE-D,TRIGO,SANTA FE,2021-01-05,12:30,2021-01-07,14:43,4705.22,16.9,15,RECHAZADO,50.21666666666667
MOV-00292,B-014,MAERSK-LIMA,R-03,MUELLE-E,MAIZ,SANTA FE,2023-03-23,06:41,2023-03-24,02:10,5191.91,10.5,10,RECHAZADO,19.483333333333334
MOV-00293,B-032,MSC-ALPHA,R-06,MUELLE-E,TRIGO,BUENOS AIRES,2024-10-19,06:08,2024-10-20,01:21,5062.71,13.9,12,DESPACHADO,19.216666666666665
MOV-00295,B-020,PIL-OESTE,R-08,MUELLE-A,ACEITE,VALPARAISO,2021-10-13,12:11,2021-10-15,00:00,3004.71,8.0,10,EN_REVISION,35.81666666666667
MOV-00296,B-016,YANG-ESTE,R-07,MUELLE-F,MINERALES,MONTEVIDEO,2021-08-10,08:27,2021-08-13,14:27,7139.83,11.5,15,RECHAZADO,78.0
MOV-00297,B-001,MAERSK-PAMPAS,R-03,MUELLE-D,MINERALES,BUENOS AIRES,2020-01-15,22:27,2020-01-18,00:00,5776.47,12.2,15,RECHAZADO,49.55
MOV-00299,B-020,EVERGREEN-02,R-02,MUELLE-A,ACEITE,MONTEVIDEO,2021-02-08,02:33,1900-01-01,18:24,4661.29,13.1,12,RECHAZADO,
MOV-00300,B-001,EVERGREEN-02,R-04,MUELLE-A,TRIGO,VALPARAISO,2020-03-05,05:42,2020-03-06,03:50,5837.47,14.3,12,DESPACHADO,22.133333333333333
MOV-00301,B-009,CMA-ROSARIO,R-06,MUELLE-E,GRANOS,SAO PAULO,2024-02-19,00:27,2024-02-21,08:19,4521.89,9.5,15,DESPACHADO,55.86666666666667
MOV-00302,B-012,ONE-PARANA,R-03,MUELLE-B,SOJA,MONTEVIDEO,2022-05-23,00:39,2022-05-24,00:00,8552.11,14.2,10,RECHAZADO,23.35
MOV-00303,B-003,MSC-GENOVA,R-01,MUELLE-F,ACEITE,SAO PAULO,2022-06-01,05:16,1900-01-01,00:00,2416.08,13.1,10,EN_REVISION,
MOV-00304,B-039,MAERSK-LIMA,R-01,MUELLE-E,TRIGO,SAO PAULO,2023-06-21,10:19,2023-06-24,00:00,5422.52,11.5,15,RECHAZADO,61.68333333333333
MOV-00307,B-021,EVER-GLORY,R-01,MUELLE-C,TRIGO,VALPARAISO,2024-11-12,18:06,2024-11-14,20:59,4991.99,12.5,15,PENDIENTE,50.88333333333333
MOV-00310,B-025,MAERSK-LIMA,R-08,MUELLE-B,SOJA,SAO PAULO,2023-06-14,10:07,2023-06-16,07:50,5940.1,11.3,10,DESPACHADO,45.71666666666667
MOV-00311,B-005,MSC-GENOVA,R-03,MUELLE-F,MAIZ,SHANGHAI,2024-07-26,02:07,2024-07-28,00:00,3517.3,15.0,12,PENDIENTE,45.88333333333333
MOV-00312,B-035,HAPAG-SUR,R-04,MUELLE-D,SOJA,ROTTERDAM,2021-02-20,00:23,2021-02-22,04:49,4744.74,9.9,10,PENDIENTE,52.43333333333333
MOV-00313,B-010,COSCO-TIGRE,R-01,MUELLE-F,CONTENEDORES,SHANGHAI,2022-09-03,19:55,2022-09-04,00:00,4468.1,7.8,10,DESPACHADO,4.083333333333333
MOV-00314,B-019,MAERSK-LIMA,R-03,MUELLE-A,GRANOS,MONTEVIDEO,2024-11-28,14:35,2024-11-30,00:00,7263.85,12.4,15,PENDIENTE,33.416666666666664
MOV-00316,B-031,EVER-GLORY,R-01,MUELLE-C,SOJA,VALPARAISO,2022-10-21,06:20,2022-10-23,00:00,6988.03,11.4,12,DESPACHADO,41.666666666666664
MOV-00318,B-011,YANG-MING,R-03,MUELLE-A,HARINA,SHANGHAI,2021-06-12,15:16,2021-06-15,00:00,5638.67,13.0,12,EN_REVISION,56.733333333333334
MOV-00319,B-003,YANG-ESTE,R-01,MUELLE-F,TRIGO,SANTA FE,2023-03-13,12:54,2023-03-14,17:47,5599.92,10.0,10,PENDIENTE,28.883333333333333
MOV-00320,B-014,HAPAGSUR,R-02,MUELLE-C,MINERALES,SANTA FE,2021-10-17,18:02,2021-10-19,00:00,5638.09,11.5,10,PENDIENTE,29.966666666666665
MOV-00322,B-021,MSCGENOVA,R-03,MUELLE-D,MAIZ,HAMBURG,2021-06-22,16:46,2021-06-22,10:35,7401.79,17.2,12,EN_REVISION,
MOV-00323,B-001,EVERGREEN-02,R-06,MUELLE-A,HARINA,VALPARAISO,2022-04-27,13:22,2022-04-29,11:47,4456.39,7.9,12,DESPACHADO,46.416666666666664
MOV-00324,B-007,COSCO-STAR,R-02,MUELLE-A,GRANOS,ROTTERDAM,1900-01-01,20:28,2020-07-26,00:19,2997.39,12.1,15,,
MOV-00325,B-024,ZIM-DELTA,R-05,MUELLE-C,HARINA,VALPARAISO,2020-03-07,00:01,2020-03-07,00:00,4949.23,11.8,12,RECHAZADO,
MOV-00326,B-012,COSCO-TIGRE,R-06,MUELLE-E,MAIZ,ROTTERDAM,2020-08-30,20:36,2020-09-02,00:00,6748.3,15.2,15,PENDIENTE,51.4
MOV-00327,B-030,EVERGREEN-02,R-03,MUELLE-B,TRIGO,VALPARAISO,2024-04-26,08:42,2024-04-26,00:00,4122.0,11.5,12,PENDIENTE,
MOV-00329,B-033,CMA-ROSARIO,R-04,MUELLE-C,SOJA,SAO PAULO,2023-11-17,04:17,2023-11-18,00:00,4604.23,13.9,15,DESPACHADO,19.716666666666665
MOV-00331,B-021,MAERSK-PAMPAS,R-03,MUELLE-C,TRIGO,BUENOS AIRES,2020-09-07,00:20,2020-09-07,00:00,4361.23,9.6,12,PENDIENTE,
MOV-00334,B-004,PIL-SANTA,R-01,MUELLE-A,GRANOS,VALPARAISO,2021-07-06,22:10,2021-07-07,00:00,4842.24,16.6,12,DESPACHADO,1.8333333333333333
MOV-00335,B-019,COSCO-STAR,R-06,MUELLE-E,TRIGO,SAO PAULO,2020-01-27,21:13,2020-01-30,02:28,6248.54,13.6,10,DESPACHADO,53.25
MOV-00336,B-033,ONE-PARANA,R-07,MUELLE-B,SOJA,VALPARAISO,2023-08-20,00:00,2023-08-22,00:00,5527.75,14.2,15,RECHAZADO,48.0
MOV-00337,B-007,EVERGLORY,R-07,MUELLE-F,CONTENEDORES,SAO PAULO,2022-12-20,19:31,2022-12-23,00:00,5277.83,13.7,12,EN_REVISION,52.483333333333334
MOV-00340,B-039,HAPAG-SUR,R-02,MUELLE-C,GRANOS,MONTEVIDEO,2022-01-01,15:01,2022-01-03,05:40,6090.45,8.5,10,RECHAZADO,38.65
MOV-00341,B-022,COSCO-TIGRE,,MUELLE-C,HARINA,SAO PAULO,2020-09-08,00:00,2020-09-11,05:13,3361.35,9.8,15,DESPACHADO,77.21666666666667
MOV-00342,B-038,MAERSK-LIMA,R-01,MUELLE-D,HARINA,SANTA FE,2021-05-29,04:22,2021-05-30,17:16,3637.09,16.6,10,RECHAZADO,36.9
MOV-00343,B-007,PIL-SANTA,R-05,MUELLE-E,HARINA,MONTEVIDEO,2020-10-12,21:49,2020-10-14,00:00,4542.68,9.6,15,RECHAZADO,26.183333333333334
MOV-00344,B-030,MAERSK-PAMPAS,R-07,MUELLE-D,GRANOS,SANTA FE,2024-05-30,07:37,2024-06-02,09:26,5561.19,12.9,12,RECHAZADO,73.81666666666666
MOV-00345,B-019,PIL-OESTE,R-08,MUELLE-F,ACEITE,SANTA FE,2024-01-08,01:44,2024-01-09,07:56,4892.45,7.5,15,DESPACHADO,30.2
MOV-00346,B-016,ONE-PARANA,R-02,MUELLE-D,GRANOS,HAMBURG,2022-09-17,05:52,2022-09-18,00:00,5574.62,12.5,12,RECHAZADO,18.133333333333333
MOV-00348,B-014,EVERGREEN-02,R-07,MUELLE-E,SOJA,MONTEVIDEO,2022-07-30,22:54,2022-07-31,17:15,3857.73,15.8,12,PENDIENTE,18.35
MOV-00349,B-040,COSCO-TIGRE,R-02,MUELLE-A,GRANOS,MONTEVIDEO,2022-09-02,10:48,2022-09-03,00:00,5467.24,12.8,15,PENDIENTE,13.2
MOV-00351,B-034,HAPAG-SUR,R-04,MUELLE-B,MINERALES,SHANGHAI,2024-06-29,02:28,2024-07-01,00:00,3871.12,9.4,10,EN_REVISION,45.53333333333333
MOV-00352,B-019,COSCO-STAR,R-04,MUELLE-E,HARINA,ROTTERDAM,2022-08-22,08:41,2022-08-22,12:58,2573.96,10.2,15,DESPACHADO,4.283333333333333
MOV-00353,B-003,EVERGREEN-02,R-02,MUELLE-D,SOJA,HAMBURG,2022-10-14,00:00,2022-10-16,00:00,4954.97,12.9,10,PENDIENTE,48.0
MOV-00355,B-019,CMA-ROSARIO,R-07,MUELLE-D,SOJA,BUENOS AIRES,2023-12-15,23:52,2023-12-18,00:00,4998.12,15.8,12,DESPACHADO,48.13333333333333
MOV-00356,B-009,ONE-PLATA,R-04,MUELLE-C,TRIGO,BUENOS AIRES,1900-01-01,22:28,2021-04-29,03:40,4668.22,6.8,10,EN_REVISION,
MOV-00357,B-020,EVER-GLORY,R-06,MUELLE-A,ACEITE,VALPARAISO,2022-06-07,13:50,2022-06-08,00:00,5049.92,9.3,15,PENDIENTE,10.166666666666666
MOV-00358,B-018,COSCO-STAR,R-04,MUELLE-E,HARINA,SHANGHAI,2023-09-12,08:50,2023-09-12,00:00,5932.73,12.6,12,RECHAZADO,
MOV-00360,B-033,CMA-LITORAL,,MUELLE-E,SOJA,SAO PAULO,2022-05-01,02:41,2022-05-03,00:00,4469.98,14.6,15,PENDIENTE,45.31666666666667
MOV-00361,B-033,ONE-PLATA,R-06,MUELLE-B,CONTENEDORES,SANTA FE,2020-06-07,07:36,2020-06-10,00:00,1917.76,19.1,10,PENDIENTE,64.4
MOV-00362,B-015,CMA-LITORAL,R-06,MUELLE-F,SOJA,SAO PAULO,2020-06-12,11:35,2020-06-15,10:39,4733.32,5.9,12,RECHAZADO,71.06666666666666
MOV-00363,B-027,MAERSK-PAMPAS,R-03,MUELLE-E,MINERALES,SAO PAULO,2022-05-07,08:48,2022-05-10,02:57,5151.36,11.6,10,PENDIENTE,66.15
MOV-00364,B-022,PIL-OESTE,R-02,MUELLE-F,GRANOS,BUENOS AIRES,2022-07-10,23:53,2022-07-13,16:32,7508.02,10.0,15,EN_REVISION,64.65
MOV-00365,B-007,ZIM-DELTA,R-05,MUELLE-D,ACEITE,SANTA FE,2020-10-20,01:52,2020-10-21,00:00,4740.42,14.9,10,RECHAZADO,22.133333333333333
MOV-00366,B-036,ONE-PLATA,R-03,MUELLE-A,GRANOS,SAO PAULO,2021-02-20,09:36,2021-02-22,08:38,2774.98,12.4,12,DESPACHADO,47.03333333333333
MOV-00368,B-032,YANG-MING,R-03,MUELLE-B,SOJA,SAO PAULO,2021-03-03,22:11,2021-03-04,19:10,3723.06,13.4,15,DESPACHADO,20.983333333333334
MOV-00369,B-008,YANG-MING,R-07,MUELLE-D,ACEITE,SAO PAULO,2023-09-14,03:22,2023-09-16,08:23,6001.8,14.2,12,RECHAZADO,53.016666666666666
MOV-00370,B-026,PIL-SANTA,R-01,MUELLE-C,MINERALES,SAO PAULO,2022-04-19,07:36,2022-04-20,00:00,4759.66,11.3,12,EN_REVISION,16.4
MOV-00371,B-035,ONE-PARANA,R-03,MUELLE-E,CONTENEDORES,SAO PAULO,1900-01-01,06:35,2022-04-27,00:00,5835.23,5.7,12,EN_REVISION,
MOV-00372,B-009,PIL-SANTA,R-02,MUELLE-A,SOJA,ROTTERDAM,2020-11-06,00:00,2020-11-08,00:00,7250.29,12.5,15,DESPACHADO,48.0
MOV-00373,B-035,ONE-PLATA,R-04,MUELLE-D,GRANOS,HAMBURG,2020-08-09,14:14,2020-08-09,00:00,6941.42,10.5,15,RECHAZADO,
MOV-00374,B-037,ZIM-DELTA,R-01,MUELLE-D,HARINA,ROTTERDAM,2021-10-20,22:36,2021-10-23,03:11,4864.42,6.3,10,EN_REVISION,52.583333333333336
MOV-00375,B-001,HAPAG-RIO,R-02,MUELLE-B,TRIGO,HAMBURG,2023-07-06,16:31,2023-07-07,00:00,6223.03,12.8,10,DESPACHADO,7.483333333333333
MOV-00376,B-034,YANG-ESTE,R-05,MUELLE-D,MINERALES,SAO PAULO,2020-12-02,16:45,2020-12-05,00:00,6717.55,9.9,10,EN_REVISION,55.25
MOV-00377,B-001,ONE-PARANA,R-05,MUELLE-C,CONTENEDORES,VALPARAISO,2023-02-23,17:41,2023-02-24,21:43,4135.06,9.9,12,EN_REVISION,28.033333333333335
MOV-00378,B-011,MSC-GENOVA,R-04,MUELLE-B,SOJA,MONTEVIDEO,2020-06-08,01:08,2020-06-10,07:56,6247.2,17.3,12,PENDIENTE,54.8
MOV-00379,B-018,CMA-ROSARIO,R-07,MUELLE-E,MINERALES,HAMBURG,2023-08-28,11:11,2023-08-28,00:00,4394.34,8.5,12,EN_REVISION,
MOV-00381,B-009,COSCO-STAR,R-07,MUELLE-A,GRANOS,HAMBURG,2024-10-12,06:41,2024-10-12,23:06,4069.0,17.5,12,DESPACHADO,16.416666666666668
MOV-00383,B-020,ONE-PARANA,R-03,MUELLE-C,GRANOS,ROTTERDAM,2022-04-27,07:53,2022-04-28,00:00,5288.55,13.5,12,EN_REVISION,16.116666666666667
MOV-00384,B-028,EVERGREEN-02,R-05,MUELLE-B,ACEITE,VALPARAISO,2022-08-15,08:02,2022-08-16,00:00,4177.33,11.8,10,DESPACHADO,15.966666666666667
MOV-00385,B-023,YANG-MING,R-03,MUELLE-D,MAIZ,SANTA FE,2023-11-23,13:46,2023-11-25,20:32,5481.75,8.9,15,RECHAZADO,54.766666666666666
MOV-00386,B-011,YANG-MING,R-04,MUELLE-E,MAIZ,MONTEVIDEO,2021-09-25,04:51,2021-09-27,03:39,5095.77,11.0,10,EN_REVISION,46.8
MOV-00387,B-031,ZIM-NORTE,R-07,MUELLE-F,TRIGO,HAMBURG,2022-03-04,04:20,2022-03-05,11:45,5918.75,7.9,10,,31.416666666666668
MOV-00388,B-039,COSCO-TIGRE,R-02,MUELLE-F,TRIGO,MONTEVIDEO,2020-07-09,10:24,2020-07-10,02:07,5314.09,13.9,12,,15.716666666666667
MOV-00389,B-021,CMA-ROSARIO,R-07,MUELLE-F,MINERALES,SANTA FE,2024-04-28,01:19,2024-04-30,19:02,3984.4,8.3,12,RECHAZADO,65.71666666666667
MOV-00391,B-010,HAPAG-SUR,R-07,MUELLE-C,ACEITE,HAMBURG,2024-08-07,16:36,2024-08-10,07:55,7264.74,8.8,15,PENDIENTE,63.31666666666667
MOV-00392,B-006,MAERSK-PAMPAS,R-02,MUELLE-B,HARINA,VALPARAISO,2022-08-26,06:48,2022-08-28,00:00,4869.71,11.1,15,PENDIENTE,41.2
MOV-00393,B-015,MSC-GENOVA,R-06,MUELLE-B,SOJA,VALPARAISO,2023-01-13,12:30,2023-01-13,15:36,3550.12,9.8,12,RECHAZADO,3.1
MOV-00394,B-034,EVERGREEN-02,R-05,MUELLE-C,ACEITE,HAMBURG,2023-07-02,11:36,2023-07-04,15:10,6651.49,12.8,10,RECHAZADO,51.56666666666667
MOV-00396,B-027,MAERSK-PAMPAS,R-04,MUELLE-F,GRANOS,SAO PAULO,2023-05-12,18:46,2023-05-15,15:49,3904.39,9.7,10,PENDIENTE,69.05
MOV-00398,B-017,ZIM-NORTE,R-02,MUELLE-F,GRANOS,HAMBURG,2024-08-23,23:49,2024-08-24,07:30,5197.76,11.1,12,RECHAZADO,7.683333333333334
MOV-00399,B-007,MSC-ALPHA,R-02,MUELLE-D,MINERALES,SAO PAULO,2024-05-31,14:44,2024-06-02,00:00,3993.35,15.8,12,EN_REVISION,33.266666666666666
MOV-00400,B-010,YANG-ESTE,R-05,MUELLE-D,HARINA,SAO PAULO,2023-04-11,00:16,2023-04-13,20:45,5940.6,8.8,10,DESPACHADO,68.48333333333333
MOV-00401,B-001,COSCO-STAR,R-06,MUELLE-B,HARINA,SAO PAULO,2024-06-04,03:41,2024-06-05,00:00,5965.41,15.3,15,PENDIENTE,20.316666666666666
MOV-00402,B-035,COSCO-STAR,R-01,MUELLE-D,TRIGO,SAO PAULO,2024-10-22,07:14,2024-10-24,00:00,5223.07,10.2,15,EN_REVISION,40.766666666666666
MOV-00404,B-020,PIL-SANTA,R-04,MUELLE-C,HARINA,VALPARAISO,2022-09-25,00:20,2022-09-27,00:00,6542.46,15.3,10,RECHAZADO,47.666666666666664
MOV-00405,B-020,YANG-ESTE,R-04,MUELLE-E,MAIZ,SHANGHAI,2024-10-11,05:39,2024-10-12,21:47,5430.33,14.8,10,PENDIENTE,40.13333333333333
MOV-00406,B-027,MSC-GENOVA,R-07,MUELLE-A,CONTENEDORES,SHANGHAI,2024-08-03,22:12,2024-08-05,00:00,7023.15,11.2,10,PENDIENTE,25.8
MOV-00407,B-003,COSCO-TIGRE,R-08,MUELLE-B,HARINA,ROTTERDAM,2023-01-06,11:28,2023-01-08,23:06,6377.86,14.6,12,DESPACHADO,59.63333333333333
MOV-00408,B-002,CMA-ROSARIO,,MUELLE-F,ACEITE,SHANGHAI,2022-08-17,00:00,2022-08-19,17:33,4985.7,9.9,12,RECHAZADO,65.55
MOV-00409,B-033,MSC-ALPHA,R-08,MUELLE-C,ACEITE,BUENOS AIRES,2022-12-25,05:51,2022-12-28,04:00,2023.49,8.8,10,DESPACHADO,70.15
MOV-00410,B-028,MSC-GENOVA,R-07,MUELLE-E,HARINA,SANTA FE,2020-11-04,08:54,2020-11-05,03:45,5851.27,12.3,12,RECHAZADO,18.85
MOV-00411,B-009,ZIMNORTE,R-06,MUELLE-A,ACEITE,SHANGHAI,1900-01-01,08:14,2022-05-19,00:00,4560.6,10.3,10,PENDIENTE,
MOV-00412,B-012,ONE-PLATA,R-02,MUELLE-B,TRIGO,BUENOS AIRES,2022-04-30,00:00,2022-04-30,00:00,4933.57,9.2,12,RECHAZADO,0.0
MOV-00413,B-025,HAPAG-SUR,R-01,MUELLE-C,ACEITE,SANTA FE,2020-09-19,16:09,2020-09-20,00:00,5430.84,10.5,10,PENDIENTE,7.85
MOV-00415,B-035,CMA-LITORAL,R-03,MUELLE-E,GRANOS,VALPARAISO,2021-10-23,21:34,2021-10-25,00:00,2456.01,13.2,10,RECHAZADO,26.433333333333334
MOV-00416,B-020,MSC-ALPHA,R-08,MUELLE-F,HARINA,MONTEVIDEO,2024-02-17,01:47,1900-01-01,20:36,3442.16,14.1,15,EN_REVISION,
MOV-00417,B-017,ZIM-NORTE,R-08,MUELLE-A,HARINA,SHANGHAI,2024-07-10,15:49,2024-07-13,05:12,5770.43,12.0,12,EN_REVISION,61.38333333333333
MOV-00418,B-006,ONE-PLATA,R-03,MUELLE-D,TRIGO,MONTEVIDEO,2021-12-25,16:38,2021-12-26,00:00,5129.46,10.0,15,PENDIENTE,7.366666666666666
MOV-00419,B-028,ONE-PARANA,R-05,MUELLE-A,CONTENEDORES,VALPARAISO,2022-08-16,10:08,2022-08-18,00:00,7607.53,7.3,12,RECHAZADO,37.86666666666667
MOV-00420,B-027,COSCO-TIGRE,R-04,MUELLE-B,ACEITE,BUENOS AIRES,2020-09-09,23:47,2020-09-10,00:00,5939.42,11.4,12,PENDIENTE,0.21666666666666667
MOV-00421,B-022,PIL-SANTA,R-01,MUELLE-D,HARINA,BUENOS AIRES,2023-11-17,15:48,2023-11-19,00:00,4348.67,12.8,15,RECHAZADO,32.2
MOV-00422,B-033,MSC-ALPHA,R-07,MUELLE-F,HARINA,SHANGHAI,2021-05-12,18:31,2021-05-14,00:00,6890.06,12.4,12,DESPACHADO,29.483333333333334
MOV-00423,B-016,EVERGREEN-02,R-07,MUELLE-D,GRANOS,SHANGHAI,1900-01-01,12:52,2020-03-19,03:06,5938.3,8.9,15,RECHAZADO,
MOV-00424,B-030,PIL-SANTA,R-03,MUELLE-B,ACEITE,ROTTERDAM,2024-10-20,02:21,2024-10-22,00:00,5142.58,10.2,12,EN_REVISION,45.65
MOV-00425,B-011,HAPAG-RIO,R-06,MUELLE-A,SOJA,SAO PAULO,2021-08-29,17:34,2021-08-30,00:00,6565.35,9.5,15,EN_REVISION,6.433333333333334
MOV-00426,B-037,COSCO-STAR,R-06,MUELLE-B,MINERALES,SANTA FE,2020-02-23,00:00,2020-02-24,00:58,3299.49,10.7,12,PENDIENTE,24.966666666666665
MOV-00427,B-025,PIL-SANTA,R-06,MUELLE-C,CONTENEDORES,SHANGHAI,2023-01-11,11:04,2023-01-12,00:00,7282.86,7.9,12,EN_REVISION,12.933333333333334
MOV-00428,B-015,CMA-LITORAL,R-05,MUELLE-E,GRANOS,HAMBURG,2020-02-15,17:28,2020-02-16,00:00,3715.56,12.1,10,RECHAZADO,6.533333333333333
MOV-00429,B-020,MSC-ALPHA,R-04,MUELLE-E,CONTENEDORES,MONTEVIDEO,2023-12-29,11:37,2023-12-30,05:14,7076.26,5.9,10,EN_REVISION,17.616666666666667
MOV-00430,B-025,MAERSK-PAMPAS,R-07,MUELLE-F,MINERALES,MONTEVIDEO,2023-12-19,13:56,2023-12-21,00:00,5423.49,14.4,10,EN_REVISION,34.06666666666667
MOV-00431,B-001,MSC-ALPHA,R-07,MUELLE-C,GRANOS,SHANGHAI,2022-10-17,05:34,2022-10-18,23:55,5745.72,11.5,15,DESPACHADO,42.35
MOV-00432,B-020,YANG-MING,R-02,MUELLE-C,MAIZ,MONTEVIDEO,2021-11-21,14:59,2021-11-23,02:07,3367.92,12.1,15,DESPACHADO,35.13333333333333
MOV-00434,B-037,ZIM-NORTE,,MUELLE-F,ACEITE,SANTA FE,2021-12-21,17:03,2021-12-24,19:42,5974.98,12.7,10,DESPACHADO,74.65
MOV-00436,B-001,COSCO-TIGRE,R-01,MUELLE-F,MINERALES,MONTEVIDEO,2024-06-08,15:04,2024-06-09,00:00,5534.34,12.6,10,PENDIENTE,8.933333333333334
MOV-00437,B-034,EVER-GLORY,R-08,MUELLE-D,SOJA,BUENOS AIRES,2024-04-10,22:51,2024-04-11,00:00,6155.51,12.7,10,PENDIENTE,1.15
MOV-00438,B-013,EVER-GLORY,R-07,MUELLE-D,MAIZ,VALPARAISO,2023-09-09,23:28,2023-09-10,00:00,5261.25,16.2,12,DESPACHADO,0.5333333333333333
MOV-00439,B-015,MSC-GENOVA,R-07,MUELLE-A,GRANOS,ROTTERDAM,2023-02-28,17:04,2023-02-28,12:15,6266.65,8.0,10,DESPACHADO,
MOV-00440,B-010,YANG-MING,R-03,MUELLE-D,HARINA,MONTEVIDEO,2020-10-21,01:29,2020-10-23,16:54,4919.94,8.8,12,EN_REVISION,63.416666666666664
MOV-00441,B-014,ONE-PARANA,R-04,MUELLE-F,ACEITE,HAMBURG,2020-10-16,15:06,2020-10-19,22:37,4274.29,13.8,12,RECHAZADO,79.51666666666667
MOV-00442,B-037,CMA-ROSARIO,R-07,MUELLE-E,TRIGO,MONTEVIDEO,2020-09-24,00:00,2020-09-27,08:43,4634.38,14.1,15,RECHAZADO,80.71666666666667
MOV-00446,B-018,COSCO-TIGRE,R-06,MUELLE-C,CONTENEDORES,ROTTERDAM,2023-02-05,06:31,2023-02-06,00:00,5745.42,14.0,12,EN_REVISION,17.483333333333334
MOV-00447,B-001,MSCGENOVA,R-06,MUELLE-E,SOJA,MONTEVIDEO,2020-08-04,19:07,2020-08-05,00:00,4268.55,10.0,15,RECHAZADO,4.883333333333334
MOV-00448,B-039,HAPAG-RIO,R-08,MUELLE-C,GRANOS,HAMBURG,2021-06-23,04:56,2021-06-24,09:06,4511.93,11.9,10,PENDIENTE,28.166666666666668
MOV-00449,B-017,YANG-MING,R-03,MUELLE-A,GRANOS,BUENOS AIRES,2024-03-27,13:05,2024-03-30,18:15,3911.87,16.0,15,RECHAZADO,77.16666666666667
MOV-00451,B-010,PIL-SANTA,R-06,MUELLE-B,GRANOS,HAMBURG,2021-07-22,07:12,2021-07-25,00:00,6230.11,16.7,15,RECHAZADO,64.8
MOV-00452,B-011,MSC-ALPHA,R-05,MUELLE-F,CONTENEDORES,BUENOS AIRES,2024-07-10,22:55,2024-07-11,08:57,3922.83,11.5,12,PENDIENTE,10.033333333333333
MOV-00453,B-009,MSC-ALPHA,R-04,MUELLE-F,TRIGO,SAO PAULO,2022-11-12,03:24,2022-11-13,00:23,2672.82,9.6,12,RECHAZADO,20.983333333333334
MOV-00455,B-010,CMA-LITORAL,R-07,MUELLE-E,MAIZ,HAMBURG,2021-02-09,22:38,1900-01-01,00:00,5747.81,13.5,12,EN_REVISION,
MOV-00456,B-021,PIL-OESTE,R-01,MUELLE-E,GRANOS,MONTEVIDEO,2020-07-28,16:10,2020-07-30,22:38,5414.23,12.4,10,RECHAZADO,54.46666666666667
MOV-00458,B-011,COSCO-TIGRE,R-04,MUELLE-B,GRANOS,VALPARAISO,2024-09-05,00:00,2024-09-06,00:00,3653.61,10.8,10,EN_REVISION,24.0
MOV-00459,B-020,ONE-PARANA,R-05,MUELLE-C,MINERALES,SANTA FE,2021-03-20,16:01,2021-03-22,11:32,2723.97,9.5,12,PENDIENTE,43.516666666666666
MOV-00462,B-019,HAPAG-SUR,R-04,MUELLE-C,GRANOS,VALPARAISO,2023-08-24,01:55,2023-08-26,00:00,5124.59,15.3,10,PENDIENTE,46.083333333333336
MOV-00463,B-038,COSCO-TIGRE,R-06,MUELLE-D,ACEITE,VALPARAISO,2023-10-15,17:26,2023-10-17,00:00,5786.53,7.4,12,PENDIENTE,30.566666666666666
MOV-00464,B-037,CMA-ROSARIO,R-04,MUELLE-F,CONTENEDORES,BUENOS AIRES,2020-03-26,16:06,2020-03-26,07:17,7681.0,5.8,15,RECHAZADO,
MOV-00466,B-022,COSCO-TIGRE,R-06,MUELLE-B,HARINA,ROTTERDAM,2022-10-03,01:31,2022-10-04,01:42,3937.11,9.0,15,RECHAZADO,24.183333333333334
MOV-00467,B-006,COSCO-STAR,R-04,MUELLE-F,SOJA,HAMBURG,2020-03-11,10:19,2020-03-13,00:00,4994.69,9.8,12,RECHAZADO,37.68333333333333
MOV-00468,B-034,HAPAG-SUR,R-03,MUELLE-D,HARINA,MONTEVIDEO,2023-11-07,04:53,2023-11-07,11:33,4730.34,14.6,10,DESPACHADO,6.666666666666667
MOV-00469,B-007,HAPAG-RIO,R-03,MUELLE-B,GRANOS,HAMBURG,2023-12-21,16:57,2023-12-23,00:00,3755.79,15.5,10,RECHAZADO,31.05
MOV-00471,B-031,ONE-PARANA,R-02,MUELLE-B,CONTENEDORES,BUENOS AIRES,2024-10-29,02:30,2024-10-31,00:00,3820.2,6.9,10,PENDIENTE,45.5
MOV-00472,B-015,CMA-ROSARIO,R-08,MUELLE-E,CONTENEDORES,MONTEVIDEO,2022-06-05,19:01,2022-06-08,00:00,4196.73,10.6,10,PENDIENTE,52.983333333333334
MOV-00473,B-038,ZIM-NORTE,R-03,MUELLE-D,ACEITE,BUENOS AIRES,2023-07-17,02:16,2023-07-18,18:58,6462.41,11.4,15,RECHAZADO,40.7
MOV-00474,B-009,YANG-MING,R-04,MUELLE-F,ACEITE,SHANGHAI,2020-08-28,23:46,2020-08-30,07:11,5470.93,8.2,10,PENDIENTE,31.416666666666668
MOV-00475,B-026,MSC-GENOVA,R-02,MUELLE-B,HARINA,HAMBURG,2022-11-12,18:26,2022-11-13,13:16,6392.06,10.5,12,RECHAZADO,18.833333333333332
MOV-00476,B-028,ONEPARANA,,MUELLE-F,GRANOS,SANTA FE,2021-08-05,13:15,2021-08-06,03:57,4121.64,15.6,12,DESPACHADO,14.7
MOV-00480,B-036,EVER-GLORY,R-05,MUELLE-A,HARINA,HAMBURG,2024-11-18,05:14,2024-11-20,18:05,4364.41,17.7,12,PENDIENTE,60.85
MOV-00481,B-005,MAERSK-LIMA,R-05,MUELLE-B,SOJA,HAMBURG,2021-05-18,00:20,2021-05-19,00:00,4884.25,10.3,10,EN_REVISION,23.666666666666668
MOV-00483,B-008,YANG-ESTE,R-07,MUELLE-D,CONTENEDORES,VALPARAISO,2021-03-17,13:49,2021-03-18,00:00,6371.36,12.5,10,EN_REVISION,10.183333333333334
MOV-00485,B-029,COSCO-TIGRE,R-06,MUELLE-E,MINERALES,SHANGHAI,2023-04-14,03:56,2023-04-16,00:00,4915.54,12.9,15,EN_REVISION,44.06666666666667
MOV-00486,B-040,COSCO-TIGRE,R-05,MUELLE-D,TRIGO,SANTA FE,2022-05-06,18:12,2022-05-09,00:00,4029.65,19.0,10,DESPACHADO,53.8
MOV-00487,B-022,YANG-ESTE,R-06,MUELLE-D,HARINA,SHANGHAI,2023-04-22,16:43,2023-04-24,18:02,3243.62,11.3,15,EN_REVISION,49.31666666666667
MOV-00488,B-015,ZIM-DELTA,R-08,MUELLE-B,SOJA,SHANGHAI,2021-09-04,02:15,2021-09-05,16:47,4941.25,8.9,12,RECHAZADO,38.53333333333333
MOV-00489,B-014,COSCO-TIGRE,R-07,MUELLE-B,HARINA,SAO PAULO,2022-02-10,02:06,2022-02-10,00:00,4165.63,15.5,15,PENDIENTE,
MOV-00490,B-037,COSCO-STAR,R-01,MUELLE-B,HARINA,SHANGHAI,2023-06-12,00:52,2023-06-13,00:00,6539.59,13.0,10,DESPACHADO,23.133333333333333
MOV-00491,B-019,EVER-GLORY,R-07,MUELLE-C,MAIZ,HAMBURG,2023-08-31,22:52,2023-09-03,00:00,4096.5,14.8,12,RECHAZADO,49.13333333333333
MOV-00492,B-021,PIL-OESTE,R-04,MUELLE-F,MINERALES,ROTTERDAM,2023-02-04,23:37,2023-02-06,00:00,6238.17,15.0,15,RECHAZADO,24.383333333333333
MOV-00494,B-022,ONE-PLATA,R-05,MUELLE-E,CONTENEDORES,SAO PAULO,2022-07-20,23:37,2022-07-22,00:23,5240.32,7.2,10,RECHAZADO,24.766666666666666
MOV-00495,B-003,ZIMDELTA,R-05,MUELLE-D,HARINA,SANTA FE,2021-05-04,12:00,2021-05-06,00:00,7861.89,13.9,12,PENDIENTE,36.0
MOV-00496,B-036,YANG-MING,R-02,MUELLE-B,CONTENEDORES,SHANGHAI,1900-01-01,02:21,2022-05-30,10:52,4229.71,11.4,15,PENDIENTE,
MOV-00497,B-010,MAERSK-LIMA,R-01,MUELLE-B,SOJA,VALPARAISO,2022-10-21,17:29,2022-10-24,13:57,5995.05,14.1,10,PENDIENTE,68.46666666666667
MOV-00498,B-034,ZIM-NORTE,R-04,MUELLE-D,ACEITE,SANTA FE,2020-07-31,16:49,2020-08-02,16:23,6288.86,7.8,12,EN_REVISION,47.56666666666667
MOV-00499,B-001,PIL-OESTE,R-06,MUELLE-A,ACEITE,SHANGHAI,2024-10-31,14:05,2024-11-01,16:12,4999.75,11.6,12,RECHAZADO,26.116666666666667
MOV-00500,B-004,YANG-MING,R-03,MUELLE-F,HARINA,ROTTERDAM,2022-12-23,11:04,2022-12-26,13:02,4552.58,17.7,10,PENDIENTE,73.96666666666667
MOV-00502,B-026,ZIM-NORTE,R-02,MUELLE-C,MAIZ,SAO PAULO,2023-12-06,03:40,2023-12-06,22:35,4613.03,13.7,15,DESPACHADO,18.916666666666668
MOV-00503,B-025,ONE-PARANA,R-05,MUELLE-C,MAIZ,ROTTERDAM,2023-06-16,03:45,2023-06-18,00:00,5837.0,10.7,10,RECHAZADO,44.25
MOV-00504,B-005,COSCO-TIGRE,R-03,MUELLE-B,HARINA,BUENOS AIRES,2020-01-29,13:06,2020-01-31,00:00,3896.95,8.1,15,DESPACHADO,34.9
MOV-00505,B-032,HAPAG-SUR,R-05,MUELLE-D,GRANOS,VALPARAISO,2024-03-12,14:33,2024-03-14,08:00,4355.81,12.7,10,DESPACHADO,41.45
MOV-00506,B-031,ZIM-DELTA,R-08,MUELLE-B,GRANOS,SAO PAULO,2022-11-09,20:59,2022-11-10,08:30,2365.02,17.8,15,RECHAZADO,11.516666666666667
MOV-00507,B-040,PIL-OESTE,R-03,MUELLE-F,MINERALES,SANTA FE,2024-04-25,17:26,2024-04-27,00:00,6032.78,11.3,15,PENDIENTE,30.566666666666666
MOV-00509,B-008,PIL-SANTA,R-08,MUELLE-B,SOJA,SHANGHAI,2024-06-08,00:00,2024-06-10,00:00,4594.09,11.1,12,PENDIENTE,48.0
MOV-00510,B-023,CMA-LITORAL,R-03,MUELLE-A,SOJA,SANTA FE,2024-02-19,01:46,2024-02-20,16:06,5787.9,17.2,10,EN_REVISION,38.333333333333336
MOV-00511,B-031,COSCO-TIGRE,R-01,MUELLE-B,ACEITE,SANTA FE,2020-06-22,05:13,2020-06-22,10:23,3984.44,6.2,10,PENDIENTE,5.166666666666667
MOV-00512,B-037,ONE-PARANA,R-08,MUELLE-D,MAIZ,HAMBURG,2024-06-22,00:12,2024-06-24,00:00,4342.4,15.8,15,EN_REVISION,47.8
MOV-00513,B-012,ZIM-NORTE,R-04,MUELLE-B,TRIGO,SANTA FE,2022-12-11,17:05,2022-12-13,23:43,5081.26,15.8,12,DESPACHADO,54.63333333333333
MOV-00514,B-018,MSC-ALPHA,R-01,MUELLE-A,GRANOS,SANTA FE,2021-10-22,05:48,2021-10-22,00:00,6252.46,8.4,10,DESPACHADO,
MOV-00515,B-019,PIL-SANTA,R-03,MUELLE-A,MAIZ,HAMBURG,2020-11-04,05:52,2020-11-05,00:00,2369.12,12.4,10,EN_REVISION,18.133333333333333
MOV-00516,B-008,ZIM-DELTA,R-07,MUELLE-B,HARINA,SAO PAULO,2024-08-09,05:50,2024-08-11,22:12,4740.37,12.7,12,EN_REVISION,64.36666666666666
MOV-00517,B-009,COSCO-STAR,R-01,MUELLE-C,GRANOS,BUENOS AIRES,2022-12-19,23:00,2022-12-21,00:00,4973.97,15.7,15,RECHAZADO,25.0
MOV-00518,B-019,HAPAG-RIO,R-05,MUELLE-D,HARINA,MONTEVIDEO,2020-09-24,11:46,2020-09-27,04:46,5057.28,15.1,15,DESPACHADO,65.0
MOV-00520,B-004,YANG-MING,R-04,MUELLE-B,TRIGO,SAO PAULO,2021-10-07,22:07,2021-10-10,02:33,5502.66,15.4,15,EN_REVISION,52.43333333333333
MOV-00522,B-022,HAPAG-SUR,R-08,MUELLE-C,HARINA,BUENOS AIRES,2021-03-13,12:23,2021-03-15,00:00,7149.75,8.9,15,RECHAZADO,35.61666666666667
MOV-00523,B-011,ONE-PARANA,R-03,MUELLE-A,TRIGO,HAMBURG,2021-06-06,00:00,2021-06-07,00:00,4362.87,14.7,10,EN_REVISION,24.0
MOV-00524,B-003,ONE-PARANA,R-01,MUELLE-E,TRIGO,SHANGHAI,2022-03-02,04:43,2022-03-04,00:00,3685.67,14.5,10,RECHAZADO,43.28333333333333
MOV-00526,B-038,COSCO-STAR,R-05,MUELLE-C,MAIZ,SANTA FE,2022-04-05,19:45,2022-04-08,02:24,6584.87,11.8,10,RECHAZADO,54.65
MOV-00528,B-029,HAPAG-RIO,R-04,MUELLE-C,TRIGO,SAO PAULO,2023-08-24,07:57,2023-08-27,23:50,4216.15,8.4,12,EN_REVISION,87.88333333333334
MOV-00529,B-038,EVERGREEN-02,R-03,MUELLE-D,HARINA,BUENOS AIRES,2020-05-29,06:00,2020-05-31,00:00,4010.44,10.8,15,RECHAZADO,42.0
MOV-00530,B-018,EVER-GLORY,R-01,MUELLE-B,MINERALES,SAO PAULO,2023-05-14,12:58,2023-05-16,00:00,7344.61,12.2,12,DESPACHADO,35.03333333333333
MOV-00531,B-039,COSCO-STAR,R-06,MUELLE-A,MINERALES,ROTTERDAM,2022-06-26,20:26,2022-06-27,00:00,5949.43,9.2,15,,3.566666666666667
MOV-00532,B-006,HAPAG-SUR,,MUELLE-D,GRANOS,MONTEVIDEO,2022-12-09,21:34,2022-12-11,00:00,5112.45,9.7,12,DESPACHADO,26.433333333333334
MOV-00533,B-011,MAERSK-LIMA,R-02,MUELLE-E,MAIZ,SANTA FE,2024-08-16,16:42,2024-08-18,03:27,6519.15,15.2,10,RECHAZADO,34.75
MOV-00534,B-007,MAERSK-PAMPAS,R-05,MUELLE-C,GRANOS,SAO PAULO,2022-03-26,15:34,2022-03-27,10:29,5254.62,14.2,10,RECHAZADO,18.916666666666668
MOV-00535,B-011,PIL-OESTE,R-06,MUELLE-F,MINERALES,HAMBURG,2024-11-26,00:00,2024-11-27,00:35,5119.18,6.0,10,PENDIENTE,24.583333333333332
MOV-00537,B-005,PIL-OESTE,R-03,MUELLE-C,CONTENEDORES,HAMBURG,2021-07-03,07:27,2021-07-04,05:44,3612.38,10.7,15,DESPACHADO,22.283333333333335
MOV-00538,B-020,YANG-ESTE,R-06,MUELLE-F,SOJA,BUENOS AIRES,2022-07-26,01:44,2022-07-28,16:43,4038.43,15.5,15,EN_REVISION,62.983333333333334
MOV-00539,B-040,ZIM-NORTE,R-08,MUELLE-D,MAIZ,ROTTERDAM,2021-10-17,00:00,2021-10-18,00:00,4863.75,10.3,10,RECHAZADO,24.0
MOV-00540,B-022,CMA-LITORAL,R-01,MUELLE-A,SOJA,MONTEVIDEO,2021-12-02,11:17,2021-12-03,09:24,5603.25,10.9,15,EN_REVISION,22.116666666666667
MOV-00541,B-035,PIL-OESTE,R-02,MUELLE-C,CONTENEDORES,MONTEVIDEO,2021-01-17,17:48,2021-01-19,00:00,6590.74,14.2,12,EN_REVISION,30.2
MOV-00542,B-026,EVERGREEN-02,R-06,MUELLE-A,MINERALES,VALPARAISO,2023-06-03,10:48,1900-01-01,09:32,6458.48,10.8,10,RECHAZADO,
MOV-00544,B-007,YANG-MING,R-02,MUELLE-A,ACEITE,MONTEVIDEO,2023-11-26,00:00,2023-11-29,07:34,3907.86,14.5,10,RECHAZADO,79.56666666666666
MOV-00545,B-021,PIL-OESTE,R-07,MUELLE-D,MINERALES,VALPARAISO,2021-11-22,16:21,2021-11-24,21:28,5425.37,10.8,15,EN_REVISION,53.11666666666667
MOV-00546,B-001,EVER-GLORY,R-01,MUELLE-B,HARINA,SHANGHAI,2021-04-29,04:41,1900-01-01,15:44,2890.2,8.8,10,PENDIENTE,
MOV-00547,B-032,CMA-ROSARIO,R-08,MUELLE-F,TRIGO,ROTTERDAM,2021-08-22,20:26,2021-08-23,00:00,6703.22,8.9,15,RECHAZADO,3.566666666666667
MOV-00548,B-039,CMA-ROSARIO,R-01,MUELLE-F,HARINA,BUENOS AIRES,2022-11-30,07:26,2022-12-01,00:00,4890.22,12.3,10,DESPACHADO,16.566666666666666
MOV-00549,B-009,COSCO-TIGRE,R-03,MUELLE-E,GRANOS,SHANGHAI,2024-02-28,14:24,2024-03-01,00:00,3945.23,9.6,15,PENDIENTE,33.6
MOV-00550,B-021,HAPAG-RIO,R-03,MUELLE-B,TRIGO,ROTTERDAM,2023-09-08,18:04,2023-09-10,00:16,6873.36,10.7,12,PENDIENTE,30.2
MOV-00551,B-015,HAPAG-RIO,R-07,MUELLE-C,TRIGO,SANTA FE,2023-06-05,22:46,2023-06-06,00:00,4936.35,14.3,12,EN_REVISION,1.2333333333333334
MOV-00552,B-021,CMA-ROSARIO,R-04,MUELLE-B,MAIZ,SANTA FE,2024-06-07,23:55,2024-06-08,14:31,5756.92,14.1,15,DESPACHADO,14.6
MOV-00554,B-031,PIL-SANTA,R-04,MUELLE-A,TRIGO,SANTA FE,2023-04-30,15:05,2023-05-01,14:25,5497.84,11.9,15,RECHAZADO,23.333333333333332
MOV-00555,B-009,HAPAG-RIO,R-01,MUELLE-A,GRANOS,HAMBURG,2024-04-05,14:59,2024-04-07,00:00,4701.7,7.6,15,PENDIENTE,33.016666666666666
MOV-00556,B-019,MSC-GENOVA,R-07,MUELLE-F,MAIZ,SHANGHAI,2020-11-03,19:18,2020-11-05,12:59,4053.49,10.8,10,DESPACHADO,41.68333333333333
MOV-00557,B-032,MSC-GENOVA,R-02,MUELLE-B,MINERALES,BUENOS AIRES,2023-01-30,10:34,2023-02-01,00:00,4799.25,15.1,12,PENDIENTE,37.43333333333333
MOV-00559,B-037,CMALITORAL,R-06,MUELLE-D,HARINA,BUENOS AIRES,2022-01-31,09:27,2022-02-01,00:00,3310.98,13.6,12,EN_REVISION,14.55
MOV-00560,B-015,MAERSK-LIMA,R-08,MUELLE-D,HARINA,BUENOS AIRES,2020-01-27,16:06,2020-01-29,00:00,5760.5,15.1,15,RECHAZADO,31.9
MOV-00561,B-024,ONE-PLATA,R-05,MUELLE-D,HARINA,SAO PAULO,2020-02-05,18:27,2020-02-06,00:00,5850.36,16.2,10,RECHAZADO,5.55
MOV-00562,B-017,MAERSKPAMPAS,,MUELLE-D,MAIZ,BUENOS AIRES,2023-12-03,15:01,2023-12-03,00:00,3741.04,10.1,10,EN_REVISION,
MOV-00564,B-036,YANG-MING,R-02,MUELLE-D,CONTENEDORES,BUENOS AIRES,2022-09-20,15:36,2022-09-22,20:13,5207.39,14.4,10,PENDIENTE,52.61666666666667
MOV-00565,B-009,MSC-GENOVA,R-04,MUELLE-D,GRANOS,HAMBURG,2023-09-15,21:42,2023-09-16,00:00,5971.9,13.9,10,PENDIENTE,2.3
MOV-00567,B-012,ONE-PARANA,,MUELLE-E,SOJA,VALPARAISO,2020-11-19,16:57,2020-11-22,03:40,6455.2,14.4,10,RECHAZADO,58.71666666666667
MOV-00568,B-017,COSCO-STAR,R-07,MUELLE-A,ACEITE,ROTTERDAM,2020-12-28,15:18,2020-12-29,00:00,3480.58,12.1,10,DESPACHADO,8.7
MOV-00569,B-017,YANG-ESTE,R-07,MUELLE-A,HARINA,HAMBURG,2023-02-22,10:06,2023-02-24,04:28,5752.97,14.6,10,EN_REVISION,42.36666666666667
MOV-00571,B-016,EVER-GLORY,R-05,MUELLE-C,SOJA,ROTTERDAM,2022-01-07,08:48,2022-01-09,00:00,5346.31,7.4,10,EN_REVISION,39.2
MOV-00572,B-017,YANG-ESTE,R-01,MUELLE-E,GRANOS,ROTTERDAM,2020-06-12,14:17,2020-06-14,00:00,5336.4,10.5,12,RECHAZADO,33.71666666666667
MOV-00573,B-033,COSCO-TIGRE,R-05,MUELLE-F,SOJA,SHANGHAI,2020-04-10,03:07,2020-04-11,00:00,2167.13,7.6,15,EN_REVISION,20.883333333333333
MOV-00574,B-026,ONE-PARANA,R-07,MUELLE-C,TRIGO,ROTTERDAM,2022-02-01,19:03,2022-02-03,05:33,6277.43,14.3,12,PENDIENTE,34.5
MOV-00575,B-032,MAERSK-PAMPAS,R-01,MUELLE-C,CONTENEDORES,VALPARAISO,2021-10-06,13:55,2021-10-08,07:54,7113.07,12.5,12,PENDIENTE,41.983333333333334
MOV-00576,B-009,HAPAG-RIO,R-07,MUELLE-C,HARINA,SANTA FE,2021-12-11,07:59,2021-12-11,05:34,4138.91,13.6,15,DESPACHADO,
MOV-00577,B-002,MAERSK-LIMA,R-02,MUELLE-B,HARINA,BUENOS AIRES,2024-07-27,08:34,2024-07-30,00:00,2762.06,17.8,15,DESPACHADO,63.43333333333333
MOV-00578,B-001,PIL-SANTA,R-08,MUELLE-B,CONTENEDORES,VALPARAISO,2024-02-04,03:58,2024-02-05,00:00,4186.75,9.6,10,PENDIENTE,20.033333333333335
MOV-00579,B-020,CMA-ROSARIO,R-02,MUELLE-F,TRIGO,SHANGHAI,2020-04-06,01:43,2020-04-08,00:00,3702.29,15.8,12,EN_REVISION,46.28333333333333
MOV-00580,B-040,COSCO-STAR,R-08,MUELLE-D,CONTENEDORES,SAO PAULO,2024-02-29,05:31,2024-03-01,00:00,4116.11,8.3,15,PENDIENTE,18.483333333333334
MOV-00581,B-013,EVER-GLORY,R-07,MUELLE-E,TRIGO,SHANGHAI,2024-10-02,07:56,2024-10-04,00:00,4732.8,18.3,12,PENDIENTE,40.06666666666667
MOV-00582,B-024,PIL-SANTA,R-05,MUELLE-D,GRANOS,SAO PAULO,2021-03-21,14:45,2021-03-22,00:00,4486.0,8.8,15,EN_REVISION,9.25
MOV-00583,B-038,ONE-PLATA,R-03,MUELLE-F,GRANOS,VALPARAISO,2020-08-02,08:53,2020-08-04,00:00,3142.91,12.5,12,EN_REVISION,39.11666666666667
MOV-00585,B-039,ZIM-NORTE,R-08,MUELLE-F,CONTENEDORES,BUENOS AIRES,2022-02-02,12:50,2022-02-03,17:32,2884.36,10.4,10,DESPACHADO,28.7
MOV-00587,B-006,ZIM-DELTA,R-05,MUELLE-A,MINERALES,SHANGHAI,1900-01-01,19:30,2021-07-05,20:07,3217.76,15.3,15,DESPACHADO,
MOV-00588,B-034,PIL-OESTE,R-02,MUELLE-D,MINERALES,BUENOS AIRES,2021-01-04,11:29,2021-01-05,23:39,7122.59,13.0,12,,36.166666666666664
MOV-00589,B-006,ZIM-NORTE,R-01,MUELLE-E,ACEITE,MONTEVIDEO,2021-10-05,03:29,2021-10-07,00:00,5240.62,9.2,15,DESPACHADO,44.516666666666666
MOV-00591,B-004,COSCO-STAR,R-07,MUELLE-B,ACEITE,ROTTERDAM,2024-08-21,04:17,2024-08-23,01:42,6267.37,11.0,10,EN_REVISION,45.416666666666664
MOV-00592,B-005,COSCO-TIGRE,R-06,MUELLE-A,MINERALES,BUENOS AIRES,2023-11-30,01:05,2023-11-30,00:00,5649.42,5.0,15,DESPACHADO,
MOV-00593,B-013,EVER-GLORY,R-01,MUELLE-D,SOJA,ROTTERDAM,2021-06-09,22:53,2021-06-10,00:00,4951.24,11.7,12,EN_REVISION,1.1166666666666667
MOV-00594,B-008,MAERSK-PAMPAS,R-02,MUELLE-E,MAIZ,HAMBURG,2021-03-12,23:49,2021-03-13,00:00,5738.98,6.8,10,PENDIENTE,0.18333333333333332
MOV-00595,B-022,CMA-ROSARIO,R-07,MUELLE-E,GRANOS,ROTTERDAM,2022-05-29,14:12,2022-05-30,00:00,6271.99,11.6,15,EN_REVISION,9.8
MOV-00598,B-004,MSC-GENOVA,R-03,MUELLE-D,GRANOS,BUENOS AIRES,2021-01-09,11:51,2021-01-11,00:23,5639.34,13.3,15,EN_REVISION,36.53333333333333
MOV-00599,B-005,EVER-GLORY,R-01,MUELLE-D,HARINA,SAO PAULO,2023-03-31,03:00,2023-04-01,13:36,5026.92,11.5,15,EN_REVISION,34.6
MOV-00600,B-023,EVERGREEN-02,R-04,MUELLE-C,ACEITE,MONTEVIDEO,2022-04-14,15:36,2022-04-14,08:07,4704.18,12.9,10,DESPACHADO,
MOV-00601,B-013,PIL-OESTE,R-05,MUELLE-C,ACEITE,SAO PAULO,2024-04-02,00:00,2024-04-04,00:00,6393.93,12.1,12,DESPACHADO,48.0
MOV-00603,B-022,CMALITORAL,R-06,MUELLE-E,MINERALES,SHANGHAI,2024-04-28,13:19,2024-04-29,21:53,6371.5,14.1,15,PENDIENTE,32.56666666666667
MOV-00604,B-029,MAERSKLIMA,R-02,MUELLE-C,MAIZ,SAO PAULO,2020-07-21,20:50,2020-07-22,00:00,5536.2,14.9,10,DESPACHADO,3.1666666666666665
MOV-00605,B-021,PIL-OESTE,R-08,MUELLE-F,MINERALES,MONTEVIDEO,2020-04-13,10:58,2020-04-14,19:36,3934.37,14.4,15,DESPACHADO,32.63333333333333
MOV-00606,B-009,HAPAG-RIO,R-08,MUELLE-B,GRANOS,SANTA FE,2020-09-18,20:59,2020-09-20,01:56,3426.96,10.7,15,PENDIENTE,28.95
MOV-00607,B-009,MSC-GENOVA,R-03,MUELLE-A,TRIGO,SANTA FE,2024-10-11,04:08,2024-10-13,00:00,6708.82,10.2,10,EN_REVISION,43.86666666666667
MOV-00608,B-039,ZIM-DELTA,R-08,MUELLE-D,MINERALES,SHANGHAI,2021-04-04,04:49,2021-04-04,12:14,5442.13,11.2,15,,7.416666666666667
MOV-00609,B-016,ZIM-NORTE,R-05,MUELLE-A,CONTENEDORES,ROTTERDAM,2020-08-30,13:31,2020-08-30,01:22,5288.11,13.0,10,PENDIENTE,
MOV-00610,B-020,PIL-OESTE,R-05,MUELLE-C,HARINA,SANTA FE,2023-11-03,09:38,2023-11-04,00:00,6167.84,11.4,10,RECHAZADO,14.366666666666667
MOV-00611,B-022,ZIM-NORTE,R-06,MUELLE-C,MAIZ,BUENOS AIRES,2023-11-08,19:06,2023-11-11,00:00,3632.79,11.3,15,DESPACHADO,52.9
MOV-00612,B-024,EVER-GLORY,R-06,MUELLE-E,TRIGO,SAO PAULO,2024-07-14,22:15,2024-07-15,19:00,4945.59,14.0,10,PENDIENTE,20.75
MOV-00614,B-026,YANG-ESTE,R-03,MUELLE-C,ACEITE,ROTTERDAM,2024-10-13,07:00,2024-10-15,00:00,4580.32,15.1,10,RECHAZADO,41.0
MOV-00615,B-008,YANG-MING,R-06,MUELLE-C,TRIGO,SANTA FE,2021-04-07,03:58,2021-04-07,00:00,4226.99,11.1,12,RECHAZADO,
MOV-00616,B-018,HAPAG-RIO,R-07,MUELLE-E,MINERALES,VALPARAISO,2022-10-17,01:07,2022-10-19,04:29,5970.23,8.4,15,EN_REVISION,51.36666666666667
MOV-00618,B-008,ONE-PARANA,R-07,MUELLE-E,SOJA,HAMBURG,2022-02-13,00:00,2022-02-15,00:00,5669.69,10.9,10,PENDIENTE,48.0
MOV-00619,B-010,HAPAG-RIO,R-03,MUELLE-F,MINERALES,SAO PAULO,2020-01-03,09:23,2020-01-06,00:00,6280.82,9.5,10,PENDIENTE,62.61666666666667
MOV-00620,B-008,ONE-PLATA,R-03,MUELLE-B,CONTENEDORES,SANTA FE,2020-07-23,11:41,2020-07-24,00:00,5616.84,12.1,12,DESPACHADO,12.316666666666666
MOV-00621,B-010,ONE-PARANA,R-04,MUELLE-F,MAIZ,MONTEVIDEO,2020-08-05,19:18,2020-08-07,13:06,6251.54,10.3,15,PENDIENTE,41.8
MOV-00622,B-004,COSCO-TIGRE,R-04,MUELLE-F,MINERALES,SAO PAULO,2021-07-10,12:43,2021-07-13,08:30,5363.36,10.8,10,DESPACHADO,67.78333333333333
MOV-00624,B-014,PIL-OESTE,R-06,MUELLE-D,MINERALES,SHANGHAI,2020-02-07,08:10,2020-02-09,00:00,7011.49,14.0,10,PENDIENTE,39.833333333333336
MOV-00625,B-003,PIL-OESTE,R-08,MUELLE-B,SOJA,MONTEVIDEO,2024-06-22,19:49,2024-06-23,13:31,3622.27,12.2,10,RECHAZADO,17.7
MOV-00628,B-030,CMA-LITORAL,R-02,MUELLE-A,ACEITE,MONTEVIDEO,2022-01-29,18:29,2022-01-29,00:00,5138.88,14.0,15,RECHAZADO,
MOV-00629,B-027,MAERSK-PAMPAS,R-04,MUELLE-C,ACEITE,VALPARAISO,2024-05-27,02:50,2024-05-28,00:00,4969.82,9.4,12,EN_REVISION,21.166666666666668
MOV-00630,B-036,HAPAG-RIO,R-03,MUELLE-B,GRANOS,SHANGHAI,2021-03-23,18:42,2021-03-26,00:00,6331.02,15.5,15,RECHAZADO,53.3
MOV-00631,B-023,ONE-PARANA,R-05,MUELLE-F,CONTENEDORES,SHANGHAI,2020-03-17,07:00,2020-03-17,00:00,3430.69,12.7,10,EN_REVISION,
MOV-00632,B-023,ONE-PLATA,R-07,MUELLE-B,ACEITE,SHANGHAI,2024-07-09,02:59,2024-07-10,00:00,6488.59,11.1,12,RECHAZADO,21.016666666666666
MOV-00633,B-009,EVER-GLORY,R-04,MUELLE-B,HARINA,HAMBURG,2020-08-08,00:19,2020-08-09,07:52,5500.19,14.8,15,EN_REVISION,31.55
MOV-00634,B-038,EVER-GLORY,R-03,MUELLE-F,SOJA,HAMBURG,2021-01-20,01:19,2021-01-21,09:41,5336.11,11.3,12,RECHAZADO,32.36666666666667
MOV-00637,B-011,HAPAG-RIO,R-03,MUELLE-C,GRANOS,SHANGHAI,2024-08-29,08:42,2024-08-31,04:31,2712.13,14.3,12,DESPACHADO,43.81666666666667
MOV-00638,B-029,CMA-ROSARIO,R-08,MUELLE-F,MAIZ,SHANGHAI,2024-07-01,18:50,2024-07-03,17:21,5446.59,14.4,10,DESPACHADO,46.516666666666666
MOV-00639,B-033,EVER-GLORY,R-04,MUELLE-F,ACEITE,ROTTERDAM,1900-01-01,01:55,2022-07-21,00:00,3777.78,6.5,10,DESPACHADO,
MOV-00640,B-025,PIL-SANTA,R-04,MUELLE-B,MINERALES,MONTEVIDEO,2020-10-22,03:24,2020-10-23,00:00,7345.88,12.8,10,PENDIENTE,20.6
MOV-00641,B-034,HAPAG-SUR,R-06,MUELLE-A,HARINA,HAMBURG,2023-06-11,21:24,2023-06-14,13:30,5057.99,11.6,12,DESPACHADO,64.1
MOV-00642,B-032,HAPAG-SUR,R-06,MUELLE-B,MAIZ,SHANGHAI,2021-12-16,17:05,2021-12-17,00:00,5488.82,12.1,12,PENDIENTE,6.916666666666667
MOV-00643,B-028,ZIM-DELTA,R-08,MUELLE-F,MAIZ,ROTTERDAM,2024-04-13,05:02,2024-04-15,00:00,5890.49,7.7,15,PENDIENTE,42.96666666666667
MOV-00645,B-012,PIL-OESTE,R-08,MUELLE-D,MINERALES,SAO PAULO,2023-07-30,12:18,2023-08-01,22:18,2942.09,11.3,12,EN_REVISION,58.0
MOV-00646,B-035,ONEPARANA,R-02,MUELLE-C,MINERALES,BUENOS AIRES,2024-08-17,13:37,2024-08-19,16:38,3369.33,12.7,10,DESPACHADO,51.016666666666666
MOV-00647,B-011,ZIM-NORTE,R-06,MUELLE-B,CONTENEDORES,SAO PAULO,2024-07-16,05:17,1900-01-01,00:00,6695.84,12.1,12,DESPACHADO,
MOV-00648,B-028,ZIM-DELTA,R-04,MUELLE-B,TRIGO,ROTTERDAM,2020-06-19,16:21,2020-06-20,00:00,5305.29,15.4,15,PENDIENTE,7.65
MOV-00649,B-039,CMA-ROSARIO,R-02,MUELLE-F,TRIGO,SHANGHAI,2022-12-18,15:20,2022-12-18,00:00,3423.65,13.0,10,PENDIENTE,
MOV-00650,B-039,CMA-LITORAL,R-07,MUELLE-A,MINERALES,BUENOS AIRES,2023-08-10,07:34,1900-01-01,10:23,6228.3,11.4,15,EN_REVISION,
MOV-00652,B-032,PIL-SANTA,R-06,MUELLE-F,HARINA,ROTTERDAM,2024-06-30,16:54,2024-07-02,21:49,6274.3,13.6,15,EN_REVISION,52.916666666666664
MOV-00653,B-033,COSCO-TIGRE,R-01,MUELLE-C,MAIZ,BUENOS AIRES,2020-03-21,12:25,2020-03-23,22:52,5338.36,13.4,12,DESPACHADO,58.45
MOV-00655,B-037,ONE-PARANA,R-08,MUELLE-E,HARINA,ROTTERDAM,2024-01-16,00:41,2024-01-16,00:00,3714.72,10.5,12,RECHAZADO,
MOV-00658,B-031,ZIM-DELTA,R-03,MUELLE-F,MINERALES,HAMBURG,2023-01-22,23:15,2023-01-24,20:02,4148.82,13.1,15,PENDIENTE,44.78333333333333
MOV-00659,B-004,ONE-PLATA,R-01,MUELLE-C,HARINA,BUENOS AIRES,2021-04-16,11:40,2021-04-17,10:18,4025.69,12.8,12,EN_REVISION,22.633333333333333
MOV-00660,B-022,ZIM-DELTA,,MUELLE-E,GRANOS,SAO PAULO,2024-11-24,02:44,2024-11-25,19:46,5595.41,13.5,10,PENDIENTE,41.03333333333333
MOV-00661,B-021,COSCO-STAR,R-06,MUELLE-B,SOJA,HAMBURG,2021-11-01,23:14,2021-11-04,19:17,3097.93,15.1,10,EN_REVISION,68.05
MOV-00662,B-020,ZIM-DELTA,R-04,MUELLE-D,MAIZ,VALPARAISO,2020-04-17,19:37,2020-04-18,07:54,4123.79,9.7,12,RECHAZADO,12.283333333333333
MOV-00663,B-019,COSCO-TIGRE,R-05,MUELLE-F,HARINA,HAMBURG,2024-08-14,15:21,2024-08-16,01:02,3575.34,13.5,12,EN_REVISION,33.68333333333333
MOV-00664,B-039,CMA-LITORAL,R-02,MUELLE-D,GRANOS,SHANGHAI,2024-07-18,03:50,2024-07-19,00:00,5809.08,10.8,12,EN_REVISION,20.166666666666668
MOV-00665,B-032,ZIM-NORTE,R-02,MUELLE-C,ACEITE,SANTA FE,2023-03-19,20:54,2023-03-20,09:40,4873.57,7.9,15,DESPACHADO,12.766666666666667
MOV-00666,B-001,MSC-ALPHA,R-04,MUELLE-B,CONTENEDORES,SANTA FE,2020-06-12,00:15,2020-06-15,00:00,5642.65,13.5,15,DESPACHADO,71.75
MOV-00667,B-009,YANG-MING,R-04,MUELLE-F,MINERALES,SAO PAULO,2024-06-16,16:31,2024-06-17,09:07,5996.63,13.2,15,RECHAZADO,16.6
MOV-00670,B-001,CMA-ROSARIO,R-08,MUELLE-B,GRANOS,VALPARAISO,2024-10-21,16:55,2024-10-22,00:41,4182.22,12.2,10,PENDIENTE,7.766666666666667
MOV-00671,B-001,PILOESTE,R-03,MUELLE-B,HARINA,HAMBURG,2020-08-17,22:15,2020-08-19,14:58,6387.27,8.4,12,EN_REVISION,40.71666666666667
MOV-00673,B-026,CMA-ROSARIO,R-06,MUELLE-C,MAIZ,SANTA FE,2020-06-23,00:00,2020-06-25,02:22,7118.7,14.4,10,EN_REVISION,50.36666666666667
MOV-00676,B-031,YANG-ESTE,R-06,MUELLE-A,GRANOS,BUENOS AIRES,2020-01-26,00:51,2020-01-28,00:00,5044.85,14.7,15,RECHAZADO,47.15
MOV-00677,B-017,MSC-ALPHA,R-05,MUELLE-F,CONTENEDORES,BUENOS AIRES,2022-08-28,00:29,2022-08-29,00:00,5556.49,13.2,10,RECHAZADO,23.516666666666666
MOV-00678,B-002,PIL-OESTE,R-05,MUELLE-C,MINERALES,HAMBURG,2021-01-09,13:41,2021-01-11,07:40,4817.61,12.5,15,PENDIENTE,41.983333333333334
MOV-00680,B-006,PIL-OESTE,R-02,MUELLE-E,GRANOS,HAMBURG,2022-06-14,09:02,2022-06-14,00:00,3865.87,9.3,10,EN_REVISION,
MOV-00682,B-038,MAERSK-LIMA,R-01,MUELLE-A,SOJA,BUENOS AIRES,2023-04-02,02:24,2023-04-03,02:38,6573.54,15.7,10,EN_REVISION,24.233333333333334
MOV-00683,B-036,MAERSK-PAMPAS,R-08,MUELLE-C,CONTENEDORES,SAO PAULO,2022-11-20,08:43,2022-11-21,01:33,7570.24,14.1,15,DESPACHADO,16.833333333333332
MOV-00684,B-002,ONE-PARANA,R-05,MUELLE-F,GRANOS,BUENOS AIRES,2022-04-25,13:01,2022-04-28,17:22,5586.76,16.9,12,EN_REVISION,76.35
MOV-00687,B-009,PIL-OESTE,R-07,MUELLE-A,ACEITE,BUENOS AIRES,2024-01-04,11:00,2024-01-07,00:00,7556.35,13.2,15,PENDIENTE,61.0
MOV-00688,B-025,MSC-GENOVA,R-02,MUELLE-E,SOJA,SHANGHAI,2024-06-23,20:13,2024-06-25,00:00,6410.0,12.2,15,PENDIENTE,27.783333333333335
MOV-00689,B-027,COSCO-TIGRE,R-06,MUELLE-F,CONTENEDORES,MONTEVIDEO,2024-12-05,14:56,2024-12-07,20:02,4921.91,13.2,15,PENDIENTE,53.1
MOV-00692,B-012,COSCO-STAR,R-03,MUELLE-C,HARINA,SAO PAULO,2024-11-02,00:07,2024-11-04,00:00,6679.2,14.4,10,EN_REVISION,47.88333333333333
MOV-00693,B-038,YANG-ESTE,R-01,MUELLE-A,SOJA,VALPARAISO,2024-07-23,03:15,2024-07-23,06:04,5762.62,11.2,12,DESPACHADO,2.816666666666667
MOV-00694,B-033,PIL-SANTA,R-02,MUELLE-E,HARINA,HAMBURG,2020-09-03,02:13,2020-09-05,00:00,6818.8,7.0,15,EN_REVISION,45.78333333333333
MOV-00696,B-033,EVER-GLORY,R-01,MUELLE-B,HARINA,VALPARAISO,1900-01-01,05:52,2021-01-17,00:00,5193.5,10.5,12,PENDIENTE,
MOV-00697,B-024,CMA-ROSARIO,R-02,MUELLE-C,GRANOS,BUENOS AIRES,2020-05-28,00:30,2020-05-28,19:29,6762.82,8.6,12,RECHAZADO,18.983333333333334
MOV-00699,B-008,PIL-SANTA,R-08,MUELLE-D,HARINA,MONTEVIDEO,2024-10-18,03:20,2024-10-20,00:00,2819.93,11.8,12,RECHAZADO,44.666666666666664
MOV-00700,B-003,YANGESTE,R-08,MUELLE-B,TRIGO,ROTTERDAM,2024-04-02,23:53,2024-04-05,00:00,6202.11,16.3,12,DESPACHADO,48.11666666666667
MOV-00701,B-031,EVER-GLORY,R-04,MUELLE-A,MINERALES,SHANGHAI,2024-12-24,14:18,2024-12-25,00:00,6461.58,11.5,10,EN_REVISION,9.7
MOV-00702,B-027,MAERSK-PAMPAS,R-05,MUELLE-B,GRANOS,HAMBURG,2024-10-26,22:13,2024-10-28,00:00,4727.47,10.5,10,RECHAZADO,25.783333333333335
MOV-00703,B-026,PIL-OESTE,R-04,MUELLE-B,GRANOS,SHANGHAI,2024-06-02,00:43,2024-06-04,00:00,5159.54,9.7,12,EN_REVISION,47.28333333333333
MOV-00704,B-039,CMA-LITORAL,R-08,MUELLE-F,ACEITE,SHANGHAI,2023-12-13,00:15,2023-12-15,10:14,6268.7,16.9,15,EN_REVISION,57.983333333333334
MOV-00706,B-036,MSC-GENOVA,R-02,MUELLE-C,MAIZ,ROTTERDAM,2023-01-23,00:55,2023-01-23,16:03,4518.42,12.0,12,EN_REVISION,15.133333333333333
MOV-00707,B-018,COSCO-TIGRE,R-04,MUELLE-A,MINERALES,MONTEVIDEO,1900-01-01,00:34,2023-02-12,16:33,5259.48,8.9,10,EN_REVISION,
MOV-00709,B-028,YANG-MING,R-01,MUELLE-D,MINERALES,SHANGHAI,2023-01-22,00:42,2023-01-22,00:00,5143.23,11.5,10,RECHAZADO,
MOV-00710,B-013,ZIM-DELTA,R-04,MUELLE-B,GRANOS,MONTEVIDEO,2023-08-28,10:22,2023-08-28,00:00,4783.57,12.7,12,PENDIENTE,
MOV-00711,B-011,YANG-MING,R-04,MUELLE-D,MAIZ,ROTTERDAM,2023-03-01,23:47,2023-03-04,00:00,6488.49,12.2,12,PENDIENTE,48.21666666666667
MOV-00712,B-032,COSCO-TIGRE,R-04,MUELLE-A,MINERALES,HAMBURG,2020-01-31,12:11,2020-02-02,03:57,4176.01,10.7,10,EN_REVISION,39.766666666666666
MOV-00713,B-033,COSCO-TIGRE,R-05,MUELLE-D,SOJA,MONTEVIDEO,2024-07-14,07:01,2024-07-14,00:00,5975.63,10.0,12,DESPACHADO,
MOV-00714,B-038,MAERSK-LIMA,R-05,MUELLE-B,GRANOS,HAMBURG,2021-06-18,14:38,2021-06-19,01:13,6158.15,10.3,10,RECHAZADO,10.583333333333334
MOV-00715,B-032,EVER-GLORY,R-07,MUELLE-D,CONTENEDORES,SAO PAULO,2023-04-22,17:27,2023-04-24,15:46,6478.05,8.6,15,PENDIENTE,46.31666666666667
MOV-00717,B-020,CMA-LITORAL,R-03,MUELLE-E,CONTENEDORES,SAO PAULO,2024-10-09,05:50,2024-10-10,00:00,6266.89,9.1,10,EN_REVISION,18.166666666666668
MOV-00719,B-030,HAPAG-SUR,R-01,MUELLE-C,CONTENEDORES,VALPARAISO,2024-08-28,00:00,2024-08-30,00:00,6399.0,14.9,12,RECHAZADO,48.0
MOV-00720,B-013,MAERSK-PAMPAS,R-02,MUELLE-A,HARINA,VALPARAISO,2024-01-05,03:24,2024-01-07,00:00,5988.46,11.4,10,DESPACHADO,44.6
MOV-00721,B-003,PIL-SANTA,R-07,MUELLE-A,MINERALES,SHANGHAI,2020-06-26,15:39,2020-06-27,10:11,6227.19,14.2,10,EN_REVISION,18.533333333333335
MOV-00722,B-001,HAPAGRIO,R-06,MUELLE-C,ACEITE,SAO PAULO,2023-03-08,01:17,2023-03-10,00:00,5355.9,10.6,15,RECHAZADO,46.71666666666667
MOV-00723,B-021,PIL-OESTE,R-01,MUELLE-A,TRIGO,HAMBURG,2022-09-27,20:40,2022-09-30,00:00,4905.74,15.2,12,DESPACHADO,51.333333333333336
MOV-00725,B-022,EVER-GLORY,R-04,MUELLE-F,TRIGO,HAMBURG,2021-03-08,00:25,2021-03-10,00:00,6382.54,10.0,10,EN_REVISION,47.583333333333336
MOV-00726,B-033,CMA-LITORAL,R-07,MUELLE-C,TRIGO,SHANGHAI,2022-04-29,06:19,2022-04-30,00:00,3479.83,15.3,15,DESPACHADO,17.683333333333334
MOV-00727,B-036,MAERSK-PAMPAS,R-02,MUELLE-E,CONTENEDORES,HAMBURG,2024-04-10,02:25,1900-01-01,00:00,4319.91,13.1,10,DESPACHADO,
MOV-00728,B-014,ZIM-DELTA,R-08,MUELLE-A,MINERALES,SANTA FE,2020-12-17,12:37,2020-12-19,13:12,5452.16,9.7,12,RECHAZADO,48.583333333333336
MOV-00729,B-029,MSC-GENOVA,R-07,MUELLE-E,MAIZ,BUENOS AIRES,2022-01-23,08:38,2022-01-26,13:34,5546.04,9.1,10,EN_REVISION,76.93333333333334
MOV-00730,B-001,COSCO-TIGRE,R-07,MUELLE-F,HARINA,SAO PAULO,2024-11-03,01:06,2024-11-05,00:49,4040.34,15.6,15,DESPACHADO,47.71666666666667
MOV-00732,B-035,MSC-GENOVA,R-07,MUELLE-E,SOJA,ROTTERDAM,2020-09-28,00:35,2020-09-28,19:23,5642.44,15.0,12,DESPACHADO,18.8
MOV-00734,B-009,YANGMING,R-04,MUELLE-D,ACEITE,MONTEVIDEO,2024-04-13,13:16,2024-04-16,04:13,6084.56,12.7,15,EN_REVISION,62.95
MOV-00735,B-032,ZIM-DELTA,R-06,MUELLE-C,CONTENEDORES,ROTTERDAM,2022-05-26,01:24,2022-05-28,13:17,8053.38,12.0,10,PENDIENTE,59.88333333333333
MOV-00736,B-012,HAPAG-RIO,R-07,MUELLE-E,MAIZ,SANTA FE,2023-03-11,18:26,2023-03-12,00:00,4595.89,12.6,12,RECHAZADO,5.566666666666666
MOV-00738,B-030,COSCO-TIGRE,R-03,MUELLE-E,SOJA,VALPARAISO,2023-03-01,02:13,2023-03-02,17:40,6462.35,7.2,15,PENDIENTE,39.45
MOV-00739,B-001,MSC-ALPHA,R-03,MUELLE-A,MAIZ,SAO PAULO,2022-05-23,13:38,2022-05-24,06:53,5147.76,11.3,12,EN_REVISION,17.25
MOV-00741,B-005,HAPAG-SUR,R-06,MUELLE-A,TRIGO,ROTTERDAM,2020-04-02,04:44,2020-04-04,09:15,5096.64,6.9,10,DESPACHADO,52.516666666666666
MOV-00742,B-032,MAERSK-PAMPAS,R-01,MUELLE-D,CONTENEDORES,MONTEVIDEO,2023-11-17,15:26,2023-11-19,00:00,4823.77,13.0,10,PENDIENTE,32.56666666666667
MOV-00746,B-006,ZIM-NORTE,,MUELLE-B,SOJA,BUENOS AIRES,2022-02-14,03:06,2022-02-16,00:00,3888.78,6.0,12,PENDIENTE,44.9
MOV-00747,B-001,HAPAG-SUR,R-08,MUELLE-C,ACEITE,VALPARAISO,2024-11-03,17:43,2024-11-04,23:09,3156.75,12.6,10,EN_REVISION,29.433333333333334
MOV-00749,B-028,PIL-SANTA,R-01,MUELLE-E,SOJA,SANTA FE,2020-04-30,23:15,2020-05-01,00:00,3624.76,9.9,10,PENDIENTE,0.75
MOV-00750,B-028,EVER-GLORY,R-03,MUELLE-D,ACEITE,HAMBURG,2023-07-14,18:08,2023-07-15,03:19,4511.32,10.0,12,EN_REVISION,9.183333333333334
MOV-00751,B-022,COSCO-TIGRE,,MUELLE-B,MAIZ,SHANGHAI,2021-10-06,22:26,2021-10-09,09:06,6186.97,14.9,10,PENDIENTE,58.666666666666664
MOV-00752,B-005,EVERGREEN-02,R-06,MUELLE-A,SOJA,SHANGHAI,2023-10-23,23:40,2023-10-24,13:50,4810.76,11.0,10,PENDIENTE,14.166666666666666
MOV-00753,B-014,MAERSK-LIMA,R-06,MUELLE-F,MINERALES,SANTA FE,2020-06-12,20:59,2020-06-15,17:40,4894.94,10.5,15,EN_REVISION,68.68333333333334
MOV-00754,B-001,EVERGREEN-02,R-08,MUELLE-A,MAIZ,SAO PAULO,2023-01-15,08:15,2023-01-15,09:36,6241.16,7.6,10,RECHAZADO,1.35
MOV-00756,B-012,ONE-PLATA,R-05,MUELLE-C,MAIZ,SAO PAULO,2022-12-11,04:56,2022-12-11,12:01,4541.06,12.0,15,,7.083333333333333
MOV-00757,B-026,YANG-MING,R-04,MUELLE-B,MAIZ,MONTEVIDEO,2020-09-19,15:28,2020-09-22,15:53,6925.5,11.8,10,RECHAZADO,72.41666666666667
MOV-00758,B-021,HAPAG-RIO,R-05,MUELLE-B,HARINA,BUENOS AIRES,2024-01-30,01:08,2024-02-01,14:22,3649.6,7.9,12,DESPACHADO,61.233333333333334
MOV-00761,B-011,CMA-ROSARIO,R-04,MUELLE-E,HARINA,HAMBURG,2020-11-26,10:25,2020-11-29,05:06,6176.84,17.6,15,EN_REVISION,66.68333333333334
MOV-00762,B-005,ONE-PARANA,R-05,MUELLE-E,ACEITE,ROTTERDAM,2023-01-03,08:25,2023-01-03,00:00,1722.52,13.7,15,EN_REVISION,
MOV-00765,B-005,CMA-LITORAL,R-01,MUELLE-B,CONTENEDORES,SAO PAULO,2020-11-11,06:32,2020-11-13,00:00,5744.5,10.3,12,DESPACHADO,41.46666666666667
MOV-00766,B-039,HAPAG-SUR,R-08,MUELLE-B,HARINA,SHANGHAI,2022-03-08,19:17,2022-03-11,00:00,4456.49,11.5,12,,52.71666666666667
MOV-00767,B-022,PIL-OESTE,R-01,MUELLE-B,CONTENEDORES,SANTA FE,2023-08-25,01:51,2023-08-26,00:00,4813.47,9.8,10,PENDIENTE,22.15
MOV-00769,B-024,ZIM-NORTE,R-07,MUELLE-F,HARINA,MONTEVIDEO,1900-01-01,03:54,2021-03-07,09:03,3796.45,13.7,15,RECHAZADO,
MOV-00770,B-024,MSC-ALPHA,R-05,MUELLE-D,GRANOS,ROTTERDAM,2021-03-26,20:30,2021-03-27,03:33,5120.67,15.3,10,PENDIENTE,7.05
MOV-00771,B-036,PIL-SANTA,R-08,MUELLE-D,ACEITE,VALPARAISO,2021-10-04,10:12,2021-10-07,00:00,4091.32,9.7,12,DESPACHADO,61.8
MOV-00773,B-007,ONE-PLATA,R-03,MUELLE-A,MINERALES,SANTA FE,2020-03-16,03:03,2020-03-18,00:00,3453.11,15.3,15,RECHAZADO,44.95
MOV-00774,B-027,HAPAG-SUR,R-06,MUELLE-D,CONTENEDORES,SAO PAULO,2024-06-27,15:28,2024-06-29,20:00,4031.66,15.9,10,PENDIENTE,52.53333333333333
MOV-00775,B-015,ONE-PLATA,R-05,MUELLE-F,HARINA,VALPARAISO,2021-03-04,03:04,2021-03-05,14:14,3725.69,19.9,15,DESPACHADO,35.166666666666664
MOV-00776,B-039,COSCO-STAR,R-01,MUELLE-E,MINERALES,HAMBURG,2021-04-20,20:19,2021-04-22,00:00,2627.11,10.6,10,RECHAZADO,27.683333333333334
MOV-00777,B-014,HAPAG-SUR,R-04,MUELLE-A,ACEITE,HAMBURG,2023-12-11,21:09,2023-12-14,20:59,2438.56,13.9,15,EN_REVISION,71.83333333333333
MOV-00779,B-011,HAPAG-RIO,R-02,MUELLE-E,SOJA,ROTTERDAM,2021-04-11,09:53,2021-04-13,02:26,3248.21,6.3,10,DESPACHADO,40.55
MOV-00780,B-013,MSCGENOVA,R-03,MUELLE-D,ACEITE,SANTA FE,2024-12-29,06:26,2024-12-31,07:44,4794.18,10.1,15,RECHAZADO,49.3
MOV-00781,B-015,PIL-SANTA,R-01,MUELLE-A,TRIGO,HAMBURG,2022-01-03,19:47,2022-01-04,02:49,2615.57,9.9,12,RECHAZADO,7.033333333333333
MOV-00783,B-036,MSC-ALPHA,R-01,MUELLE-B,ACEITE,SHANGHAI,2024-05-15,09:59,2024-05-16,00:10,4553.63,3.7,12,DESPACHADO,14.183333333333334
MOV-00784,B-013,CMA-ROSARIO,R-06,MUELLE-A,SOJA,VALPARAISO,2021-03-13,02:08,2021-03-13,00:00,3672.6,11.5,12,RECHAZADO,
MOV-00785,B-021,COSCO-STAR,R-02,MUELLE-C,TRIGO,ROTTERDAM,2024-06-26,00:31,2024-06-26,15:10,4283.04,11.6,10,RECHAZADO,14.65
MOV-00786,B-005,EVERGREEN-02,R-05,MUELLE-B,TRIGO,SANTA FE,2021-01-13,16:27,2021-01-15,03:07,5750.18,12.4,10,RECHAZADO,34.666666666666664
MOV-00787,B-010,MSC-GENOVA,R-02,MUELLE-D,CONTENEDORES,SAO PAULO,2020-10-04,04:17,2020-10-04,00:00,5844.89,9.0,10,PENDIENTE,
MOV-00789,B-004,PIL-OESTE,R-06,MUELLE-B,CONTENEDORES,HAMBURG,2021-07-20,21:36,2021-07-22,00:00,3296.77,7.7,10,RECHAZADO,26.4
MOV-00792,B-040,YANG-ESTE,R-02,MUELLE-D,SOJA,SHANGHAI,2022-03-17,16:41,2022-03-18,18:26,4349.08,8.9,10,,25.75
MOV-00793,B-009,COSCO-TIGRE,R-05,MUELLE-E,TRIGO,BUENOS AIRES,2024-05-24,06:37,2024-05-26,00:00,8308.1,10.9,12,PENDIENTE,41.38333333333333
MOV-00794,B-038,YANG-MING,R-01,MUELLE-B,CONTENEDORES,VALPARAISO,2022-04-27,00:00,2022-04-30,07:25,5578.38,11.9,15,DESPACHADO,79.41666666666667
MOV-00795,B-016,PIL-OESTE,R-05,MUELLE-F,GRANOS,BUENOS AIRES,2021-03-17,15:58,2021-03-20,00:00,5141.19,14.4,12,PENDIENTE,56.03333333333333
MOV-00796,B-035,COSCO-STAR,R-02,MUELLE-D,GRANOS,VALPARAISO,2023-09-05,05:57,2023-09-05,00:00,5050.82,11.1,12,DESPACHADO,
MOV-00797,B-022,YANG-MING,R-05,MUELLE-B,GRANOS,SAO PAULO,2022-09-06,18:42,2022-09-07,00:00,5409.36,15.0,15,EN_REVISION,5.3
MOV-00798,B-002,CMA-ROSARIO,R-05,MUELLE-D,GRANOS,MONTEVIDEO,2022-07-29,20:19,2022-07-31,00:00,4852.09,13.5,15,DESPACHADO,27.683333333333334
MOV-00799,B-040,MAERSK-LIMA,R-07,MUELLE-A,HARINA,MONTEVIDEO,2024-12-01,01:04,2024-12-02,21:00,4619.16,10.8,12,,43.93333333333333
MOV-00800,B-024,YANG-MING,R-08,MUELLE-F,SOJA,HAMBURG,2022-05-22,12:38,2022-05-24,00:00,2358.41,11.1,12,EN_REVISION,35.36666666666667
MOV-00801,B-012,CMA-LITORAL,,MUELLE-D,MAIZ,ROTTERDAM,2022-01-21,00:16,2022-01-23,03:38,6169.43,15.2,12,RECHAZADO,51.36666666666667
MOV-00803,B-013,EVERGREEN-02,R-05,MUELLE-A,GRANOS,VALPARAISO,2022-07-15,19:51,2022-07-16,00:00,6942.07,13.2,12,DESPACHADO,4.15
MOV-00804,B-028,YANG-MING,R-02,MUELLE-F,ACEITE,HAMBURG,1900-01-01,04:59,2020-02-29,23:55,3909.27,10.1,10,DESPACHADO,
MOV-00805,B-030,YANG-MING,R-03,MUELLE-E,GRANOS,MONTEVIDEO,2021-04-02,00:24,2021-04-03,01:04,3868.16,8.5,15,DESPACHADO,24.666666666666668
MOV-00807,B-030,ZIM-DELTA,R-04,MUELLE-D,HARINA,SHANGHAI,2020-10-21,14:26,2020-10-22,19:54,5392.15,11.2,12,RECHAZADO,29.466666666666665
MOV-00808,B-032,HAPAG-RIO,,MUELLE-A,HARINA,MONTEVIDEO,2021-03-11,09:32,2021-03-11,00:00,4901.88,5.6,10,PENDIENTE,
MOV-00811,B-020,ZIM-NORTE,R-06,MUELLE-A,MAIZ,MONTEVIDEO,2020-08-05,00:00,2020-08-07,00:00,3442.13,14.2,10,DESPACHADO,48.0
MOV-00812,B-033,EVERGREEN-02,R-06,MUELLE-E,HARINA,SANTA FE,2021-04-09,00:18,2021-04-11,02:08,3530.68,10.0,10,RECHAZADO,49.833333333333336
MOV-00813,B-019,EVERGREEN-02,R-04,MUELLE-F,SOJA,BUENOS AIRES,2023-12-28,00:00,2023-12-29,21:54,6251.37,11.5,12,RECHAZADO,45.9
MOV-00814,B-008,COSCO-TIGRE,R-08,MUELLE-F,MINERALES,SANTA FE,2021-02-22,10:15,2021-02-23,00:00,4058.57,9.5,12,RECHAZADO,13.75
MOV-00815,B-003,MSC-GENOVA,R-04,MUELLE-D,ACEITE,SAO PAULO,2021-02-28,04:16,2021-03-02,01:42,6311.43,8.7,10,PENDIENTE,45.43333333333333
MOV-00816,B-014,ONE-PLATA,R-03,MUELLE-A,SOJA,BUENOS AIRES,2024-07-04,11:10,2024-07-06,00:00,4852.1,11.4,12,EN_REVISION,36.833333333333336
MOV-00817,B-025,YANG-ESTE,R-08,MUELLE-D,HARINA,HAMBURG,1900-01-01,00:00,2024-07-27,19:03,4399.1,11.1,12,EN_REVISION,
MOV-00818,B-027,HAPAG-SUR,R-03,MUELLE-E,TRIGO,SHANGHAI,2021-06-11,21:56,2021-06-13,00:00,3800.02,9.4,10,,26.066666666666666
MOV-00819,B-023,HAPAG-SUR,R-08,MUELLE-B,ACEITE,BUENOS AIRES,2021-02-20,07:41,2021-02-23,22:15,4874.48,11.1,10,EN_REVISION,86.56666666666666
MOV-00820,B-029,MSC-GENOVA,R-07,MUELLE-B,CONTENEDORES,SAO PAULO,2022-05-23,06:00,2022-05-24,00:00,6220.62,7.7,15,PENDIENTE,18.0
MOV-00821,B-028,CMALITORAL,R-07,MUELLE-A,MAIZ,ROTTERDAM,2021-02-27,12:00,2021-03-01,00:00,4719.41,7.8,15,RECHAZADO,36.0
MOV-00822,B-006,PIL-OESTE,R-04,MUELLE-C,GRANOS,SANTA FE,2020-08-12,15:22,2020-08-15,06:01,5837.64,13.7,12,DESPACHADO,62.65
MOV-00823,B-033,MSC-ALPHA,R-02,MUELLE-F,TRIGO,SHANGHAI,2022-11-20,00:00,2022-11-23,15:42,3267.79,11.4,12,PENDIENTE,87.7
MOV-00825,B-024,ONE-PARANA,R-05,MUELLE-C,SOJA,SHANGHAI,2022-01-26,07:23,2022-01-27,23:29,4125.54,16.2,15,RECHAZADO,40.1
MOV-00826,B-032,YANG-ESTE,R-04,MUELLE-A,TRIGO,SANTA FE,2024-08-18,14:11,2024-08-21,13:01,5263.81,9.3,10,PENDIENTE,70.83333333333333
MOV-00827,B-013,MSC-GENOVA,R-08,MUELLE-B,GRANOS,HAMBURG,2022-09-17,15:30,2022-09-20,04:45,3213.3,10.4,10,PENDIENTE,61.25
MOV-00828,B-018,CMA-ROSARIO,R-04,MUELLE-C,HARINA,HAMBURG,2024-02-22,21:30,2024-02-25,00:00,7367.84,7.0,12,PENDIENTE,50.5
MOV-00830,B-032,PIL-OESTE,R-02,MUELLE-A,ACEITE,SANTA FE,2022-05-08,00:01,2022-05-10,00:11,6161.38,12.8,10,DESPACHADO,48.166666666666664
MOV-00831,B-039,HAPAG-RIO,R-02,MUELLE-C,CONTENEDORES,HAMBURG,2022-10-31,13:40,2022-11-02,10:09,5491.18,9.3,15,DESPACHADO,44.483333333333334
MOV-00832,B-011,HAPAGSUR,R-03,MUELLE-C,GRANOS,SANTA FE,2020-10-16,00:00,2020-10-18,00:00,4271.38,7.5,15,DESPACHADO,48.0
MOV-00833,B-013,ZIM-DELTA,R-06,MUELLE-D,TRIGO,ROTTERDAM,2020-04-26,23:02,2020-04-27,00:00,5196.71,10.8,10,PENDIENTE,0.9666666666666667
MOV-00834,B-039,HAPAG-RIO,R-01,MUELLE-E,TRIGO,SANTA FE,2022-05-19,02:15,2022-05-21,07:20,4538.85,7.9,12,EN_REVISION,53.083333333333336
MOV-00835,B-001,EVERGREEN-02,R-04,MUELLE-A,SOJA,SANTA FE,2024-05-15,23:15,2024-05-16,07:37,3776.64,5.4,15,,8.366666666666667
MOV-00836,B-007,COSCO-TIGRE,R-08,MUELLE-D,MINERALES,BUENOS AIRES,2023-09-09,00:00,2023-09-10,00:00,2598.84,12.8,10,RECHAZADO,24.0
MOV-00837,B-033,MSC-GENOVA,R-04,MUELLE-D,CONTENEDORES,BUENOS AIRES,1900-01-01,20:38,2023-02-04,10:26,6061.36,11.8,10,RECHAZADO,
MOV-00840,B-010,HAPAG-RIO,R-03,MUELLE-B,TRIGO,ROTTERDAM,2022-02-26,00:00,2022-02-26,00:00,5732.52,8.2,10,PENDIENTE,0.0
MOV-00841,B-002,MSC-ALPHA,R-08,MUELLE-F,SOJA,VALPARAISO,2022-01-22,13:43,2022-01-25,10:42,3628.37,14.8,15,EN_REVISION,68.98333333333333
MOV-00843,B-027,YANG-ESTE,R-04,MUELLE-F,HARINA,VALPARAISO,2023-11-15,10:55,2023-11-18,00:00,6338.26,8.5,15,PENDIENTE,61.083333333333336
MOV-00846,B-028,COSCO-TIGRE,R-03,MUELLE-F,ACEITE,BUENOS AIRES,2021-01-29,17:45,2021-01-31,00:00,3610.81,11.5,15,DESPACHADO,30.25
MOV-00847,B-030,EVER-GLORY,R-07,MUELLE-B,MINERALES,MONTEVIDEO,2021-05-27,12:06,2021-05-28,00:00,4308.5,13.0,12,DESPACHADO,11.9
MOV-00848,B-011,MSC-GENOVA,R-01,MUELLE-D,TRIGO,BUENOS AIRES,2023-06-20,19:21,2023-06-21,19:33,5126.51,17.3,10,RECHAZADO,24.2
MOV-00851,B-029,ONE-PARANA,R-03,MUELLE-E,SOJA,ROTTERDAM,2024-02-06,16:31,2024-02-08,10:35,4802.02,10.9,10,PENDIENTE,42.06666666666667
MOV-00853,B-014,PIL-SANTA,R-07,MUELLE-F,MINERALES,SHANGHAI,2020-10-26,07:50,2020-10-28,16:48,3950.64,9.4,15,EN_REVISION,56.96666666666667
MOV-00856,B-027,YANG-ESTE,R-08,MUELLE-B,CONTENEDORES,SHANGHAI,2022-07-17,13:31,2022-07-18,21:33,4544.43,12.9,10,EN_REVISION,32.03333333333333
MOV-00857,B-002,EVERGREEN-02,R-06,MUELLE-D,TRIGO,HAMBURG,2022-09-05,23:18,2022-09-06,16:58,5778.16,17.5,15,DESPACHADO,17.666666666666668
MOV-00858,B-030,MAERSK-PAMPAS,R-02,MUELLE-F,HARINA,MONTEVIDEO,2020-08-18,00:00,2020-08-21,00:00,4291.59,13.8,10,,72.0
MOV-00859,B-035,ZIM-DELTA,R-08,MUELLE-F,TRIGO,ROTTERDAM,2023-03-26,05:47,2023-03-27,00:00,4821.34,10.9,12,PENDIENTE,18.216666666666665
MOV-00860,B-009,ONE-PLATA,R-03,MUELLE-C,MINERALES,BUENOS AIRES,2023-11-27,18:49,2023-11-30,20:46,6475.85,12.5,12,PENDIENTE,73.95
MOV-00861,B-032,MAERSK-LIMA,R-02,MUELLE-C,CONTENEDORES,SHANGHAI,2023-06-23,17:42,2023-06-24,23:46,3787.41,15.9,15,RECHAZADO,30.066666666666666
MOV-00862,B-023,CMA-LITORAL,R-03,MUELLE-F,CONTENEDORES,BUENOS AIRES,2022-09-26,17:32,2022-09-27,09:17,3650.06,9.7,10,RECHAZADO,15.75
MOV-00863,B-013,HAPAG-RIO,R-02,MUELLE-D,TRIGO,SAO PAULO,2020-06-06,15:39,2020-06-09,06:50,6899.51,9.4,10,RECHAZADO,63.18333333333333
MOV-00864,B-039,PIL-OESTE,R-02,MUELLE-B,MINERALES,VALPARAISO,2024-05-10,10:06,2024-05-12,00:00,4448.08,10.9,12,PENDIENTE,37.9
MOV-00865,B-013,COSCO-TIGRE,R-01,MUELLE-A,CONTENEDORES,SAO PAULO,2024-01-21,17:16,2024-01-23,00:00,4658.49,13.1,10,EN_REVISION,30.733333333333334
MOV-00867,B-011,PIL-SANTA,R-02,MUELLE-F,TRIGO,SANTA FE,2021-04-25,13:20,2021-04-27,22:05,4584.46,10.0,15,,56.75
MOV-00868,B-039,YANG-MING,R-08,MUELLE-D,ACEITE,BUENOS AIRES,2020-05-13,10:26,2020-05-15,18:05,4291.38,8.9,15,DESPACHADO,55.65
MOV-00869,B-004,ONE-PLATA,R-03,MUELLE-D,SOJA,BUENOS AIRES,2023-06-16,08:11,2023-06-17,00:00,4345.79,9.9,12,DESPACHADO,15.816666666666666
MOV-00870,B-035,ONE-PARANA,R-01,MUELLE-E,TRIGO,VALPARAISO,2021-08-25,00:24,2021-08-27,00:00,4677.89,16.2,10,PENDIENTE,47.6
MOV-00871,B-033,MAERSK-PAMPAS,R-06,MUELLE-C,MAIZ,VALPARAISO,2020-09-30,17:21,2020-10-02,00:00,4894.4,10.1,15,PENDIENTE,30.65
MOV-00872,B-001,ZIM-DELTA,R-07,MUELLE-E,CONTENEDORES,VALPARAISO,2022-04-09,10:02,1900-01-01,00:00,5409.17,15.9,12,EN_REVISION,
MOV-00873,B-028,CMA-LITORAL,R-05,MUELLE-D,GRANOS,ROTTERDAM,2020-02-15,00:00,2020-02-15,00:00,2731.7,13.5,15,DESPACHADO,0.0
MOV-00875,B-020,EVER-GLORY,R-03,MUELLE-F,HARINA,MONTEVIDEO,2023-04-18,05:57,2023-04-20,00:00,7036.03,14.5,15,RECHAZADO,42.05
MOV-00877,B-034,COSCO-TIGRE,R-08,MUELLE-A,TRIGO,ROTTERDAM,2024-03-10,13:13,2024-03-12,00:00,4663.82,12.5,10,EN_REVISION,34.78333333333333
MOV-00878,B-004,CMA-LITORAL,R-04,MUELLE-A,MINERALES,VALPARAISO,2020-12-20,21:26,2020-12-21,00:00,5890.96,9.5,12,EN_REVISION,2.566666666666667
MOV-00879,B-019,ONE-PLATA,R-06,MUELLE-B,ACEITE,SAO PAULO,2024-03-22,07:30,2024-03-24,15:00,4998.73,6.7,10,RECHAZADO,55.5
MOV-00880,B-040,PIL-OESTE,,MUELLE-A,GRANOS,VALPARAISO,2024-01-26,16:09,2024-01-28,08:39,5332.4,9.2,12,DESPACHADO,40.5
MOV-00881,B-001,EVER-GLORY,R-05,MUELLE-D,GRANOS,BUENOS AIRES,2023-04-12,21:23,2023-04-15,03:51,5837.64,12.8,12,DESPACHADO,54.46666666666667
MOV-00882,B-020,HAPAG-SUR,R-08,MUELLE-D,SOJA,ROTTERDAM,2024-02-10,18:26,2024-02-13,03:04,4525.02,9.9,12,RECHAZADO,56.63333333333333
MOV-00883,B-015,MSC-GENOVA,R-03,MUELLE-E,MAIZ,HAMBURG,2021-07-23,15:43,2021-07-25,23:31,6978.56,8.8,12,RECHAZADO,55.8
MOV-00884,B-022,HAPAG-RIO,R-05,MUELLE-D,HARINA,VALPARAISO,2021-07-31,03:01,2021-08-01,01:21,6068.43,12.0,12,PENDIENTE,22.333333333333332
MOV-00885,B-024,COSCO-STAR,R-04,MUELLE-A,MAIZ,SHANGHAI,2024-04-30,10:34,2024-05-01,00:00,5864.55,18.1,12,EN_REVISION,13.433333333333334
MOV-00886,B-011,ZIM-NORTE,R-07,MUELLE-C,ACEITE,BUENOS AIRES,2021-03-16,17:13,2021-03-17,00:38,3040.12,13.2,10,RECHAZADO,7.416666666666667
MOV-00887,B-011,MAERSK-LIMA,R-06,MUELLE-E,MINERALES,SAO PAULO,2020-12-21,02:32,2020-12-22,11:08,6052.98,7.9,10,DESPACHADO,32.6
MOV-00888,B-029,CMA-LITORAL,R-02,MUELLE-F,SOJA,SANTA FE,2024-04-21,10:20,2024-04-24,16:39,4030.55,14.9,15,RECHAZADO,78.31666666666666
MOV-00889,B-020,COSCO-STAR,R-02,MUELLE-A,CONTENEDORES,BUENOS AIRES,2020-07-10,00:03,2020-07-12,11:26,6167.07,11.7,15,RECHAZADO,59.38333333333333
MOV-00892,B-012,PIL-SANTA,R-01,MUELLE-D,ACEITE,VALPARAISO,1900-01-01,19:21,2023-11-20,19:54,4747.34,19.4,12,RECHAZADO,
MOV-00893,B-034,ONEPLATA,R-08,MUELLE-F,CONTENEDORES,SHANGHAI,2023-06-30,07:04,2023-07-01,00:00,4140.56,5.8,15,RECHAZADO,16.933333333333334
MOV-00894,B-029,COSCO-STAR,R-01,MUELLE-B,GRANOS,SAO PAULO,2024-10-20,16:37,2024-10-22,00:00,6387.41,15.3,12,EN_REVISION,31.383333333333333
MOV-00895,B-027,HAPAG-SUR,R-04,MUELLE-F,GRANOS,SHANGHAI,2020-01-17,17:16,2020-01-20,00:00,6363.93,15.5,12,PENDIENTE,54.733333333333334
MOV-00896,B-035,MSCGENOVA,R-02,MUELLE-E,TRIGO,MONTEVIDEO,2022-11-19,10:27,2022-11-22,05:25,4754.55,12.6,15,PENDIENTE,66.96666666666667
MOV-00897,B-010,COSCO-STAR,R-04,MUELLE-C,TRIGO,BUENOS AIRES,2021-11-06,19:40,2021-11-07,18:54,4515.46,14.5,15,RECHAZADO,23.233333333333334
MOV-00898,B-008,YANGESTE,R-08,MUELLE-D,HARINA,SHANGHAI,2020-05-27,11:49,2020-05-29,00:00,4860.03,15.0,12,PENDIENTE,36.18333333333333
MOV-00899,B-006,MSC-ALPHA,R-08,MUELLE-F,MAIZ,MONTEVIDEO,2024-06-09,23:13,2024-06-11,00:52,5899.61,14.9,15,EN_REVISION,25.65
MOV-00900,B-001,COSCO-STAR,R-06,MUELLE-B,MINERALES,SAO PAULO,2024-03-09,15:06,2024-03-11,00:00,5405.76,8.5,12,EN_REVISION,32.9
MOV-00901,B-026,YANG-MING,R-02,MUELLE-A,MAIZ,SHANGHAI,2020-11-10,16:23,2020-11-11,00:00,3417.33,13.4,15,RECHAZADO,7.616666666666666
MOV-00902,B-027,PIL-SANTA,R-04,MUELLE-E,ACEITE,ROTTERDAM,2022-03-20,00:28,2022-03-20,12:33,4403.32,10.2,15,RECHAZADO,12.083333333333334
MOV-00903,B-014,MAERSK-LIMA,R-07,MUELLE-C,MAIZ,SAO PAULO,2022-06-30,00:00,2022-07-02,10:44,4290.7,9.1,12,EN_REVISION,58.733333333333334
MOV-00904,B-037,HAPAG-RIO,R-03,MUELLE-F,GRANOS,VALPARAISO,2021-05-08,09:55,2021-05-09,00:00,2104.92,12.6,15,DESPACHADO,14.083333333333334
MOV-00905,B-035,HAPAG-SUR,,MUELLE-B,ACEITE,SHANGHAI,2020-07-31,07:21,2020-08-01,23:03,6056.51,11.4,12,RECHAZADO,39.7
MOV-00908,B-018,PIL-OESTE,R-01,MUELLE-D,CONTENEDORES,MONTEVIDEO,2020-11-15,03:47,2020-11-17,00:54,4787.43,13.3,15,EN_REVISION,45.11666666666667
MOV-00909,B-004,CMA-LITORAL,R-03,MUELLE-B,TRIGO,VALPARAISO,2024-08-06,03:48,2024-08-07,18:28,5850.08,11.6,12,DESPACHADO,38.666666666666664
MOV-00910,B-005,PIL-SANTA,R-01,MUELLE-B,GRANOS,SANTA FE,2024-05-04,20:27,2024-05-06,22:29,4600.73,10.1,12,RECHAZADO,50.03333333333333
MOV-00911,B-025,MAERSK-PAMPAS,R-02,MUELLE-A,MAIZ,MONTEVIDEO,2023-07-07,21:10,2023-07-09,19:54,5209.57,10.3,12,PENDIENTE,46.733333333333334
MOV-00912,B-024,ONE-PARANA,R-03,MUELLE-C,ACEITE,VALPARAISO,2024-06-20,00:00,2024-06-22,13:38,5513.86,11.3,10,EN_REVISION,61.63333333333333
MOV-00914,B-031,MAERSK-PAMPAS,R-02,MUELLE-E,TRIGO,HAMBURG,2022-09-16,13:41,2022-09-19,15:42,6005.7,15.2,10,RECHAZADO,74.01666666666667
MOV-00915,B-020,MSC-ALPHA,R-07,MUELLE-C,CONTENEDORES,HAMBURG,1900-01-01,10:45,2020-03-17,05:08,6279.19,14.6,12,EN_REVISION,
MOV-00918,B-020,EVER-GLORY,R-02,MUELLE-B,TRIGO,SAO PAULO,2023-04-08,22:30,2023-04-09,00:00,3964.68,10.8,15,DESPACHADO,1.5
MOV-00919,B-025,MSC-GENOVA,R-06,MUELLE-A,CONTENEDORES,VALPARAISO,2021-10-18,06:15,2021-10-20,02:45,5114.57,7.8,15,PENDIENTE,44.5
MOV-00920,B-015,COSCO-STAR,R-08,MUELLE-B,GRANOS,SAO PAULO,2024-03-12,23:46,2024-03-15,00:00,5699.56,15.5,12,PENDIENTE,48.233333333333334
MOV-00921,B-023,COSCO-TIGRE,R-01,MUELLE-C,HARINA,MONTEVIDEO,2024-12-29,11:52,2024-12-31,00:00,6528.45,13.3,15,RECHAZADO,36.13333333333333
MOV-00923,B-029,CMA-LITORAL,R-08,MUELLE-D,ACEITE,HAMBURG,2024-08-17,13:09,2024-08-19,14:44,5035.08,10.0,15,DESPACHADO,49.583333333333336
MOV-00924,B-011,YANG-MING,R-04,MUELLE-B,TRIGO,SAO PAULO,2023-04-22,07:16,2023-04-23,18:07,5631.78,12.5,15,PENDIENTE,34.85
MOV-00925,B-009,YANG-ESTE,R-05,MUELLE-A,MAIZ,SHANGHAI,2024-05-27,12:55,2024-05-29,00:00,2737.29,12.6,10,PENDIENTE,35.083333333333336
MOV-00926,B-001,MSC-ALPHA,R-04,MUELLE-D,CONTENEDORES,VALPARAISO,2023-02-15,13:35,2023-02-18,03:09,3572.99,16.0,12,PENDIENTE,61.56666666666667
MOV-00927,B-014,PIL-OESTE,R-03,MUELLE-E,MINERALES,HAMBURG,2024-08-19,22:04,2024-08-21,20:42,6271.58,10.2,10,,46.63333333333333
MOV-00928,B-006,EVER-GLORY,R-03,MUELLE-E,MINERALES,VALPARAISO,2020-10-28,21:10,2020-10-29,01:19,4727.34,10.4,10,,4.15
MOV-00929,B-007,EVERGREEN-02,,MUELLE-D,MINERALES,VALPARAISO,2022-03-26,01:30,2022-03-29,00:00,5184.95,12.9,15,EN_REVISION,70.5
MOV-00930,B-017,MSC-ALPHA,,MUELLE-E,MAIZ,SAO PAULO,2023-09-21,17:21,2023-09-24,07:25,4613.05,12.7,15,PENDIENTE,62.06666666666667
MOV-00931,B-023,CMA-ROSARIO,R-04,MUELLE-B,MAIZ,HAMBURG,2024-03-24,15:37,2024-03-26,00:00,5768.19,8.6,10,DESPACHADO,32.38333333333333
MOV-00932,B-030,YANG-MING,R-02,MUELLE-C,MAIZ,VALPARAISO,2022-02-28,04:22,2022-02-28,12:18,5735.67,8.5,10,RECHAZADO,7.933333333333334
MOV-00934,B-004,MSC-GENOVA,R-01,MUELLE-E,HARINA,SANTA FE,2022-09-05,13:08,2022-09-07,02:36,4019.96,13.4,10,DESPACHADO,37.46666666666667
MOV-00935,B-007,MSC-ALPHA,R-03,MUELLE-D,TRIGO,BUENOS AIRES,2022-03-22,09:58,2022-03-22,00:00,5010.31,10.1,10,DESPACHADO,
MOV-00937,B-030,MAERSK-PAMPAS,R-02,MUELLE-F,HARINA,VALPARAISO,2023-12-16,10:20,2023-12-17,00:46,3673.45,13.0,15,PENDIENTE,14.433333333333334
MOV-00938,B-015,PIL-OESTE,R-07,MUELLE-E,GRANOS,VALPARAISO,2023-04-23,05:50,2023-04-25,22:53,6193.07,8.1,15,EN_REVISION,65.05
MOV-00939,B-028,YANG-MING,R-02,MUELLE-B,MAIZ,VALPARAISO,2023-01-08,11:12,2023-01-11,08:26,5229.35,11.7,15,RECHAZADO,69.23333333333333
MOV-00940,B-018,EVER-GLORY,R-05,MUELLE-B,MAIZ,VALPARAISO,2023-06-25,05:23,2023-06-27,17:25,4638.64,12.7,15,EN_REVISION,60.03333333333333
MOV-00941,B-017,COSCO-STAR,R-08,MUELLE-A,ACEITE,HAMBURG,2022-06-04,07:11,2022-06-07,00:00,3160.82,17.7,12,EN_REVISION,64.81666666666666
MOV-00942,B-001,CMA-LITORAL,R-07,MUELLE-A,ACEITE,SANTA FE,2023-09-12,12:32,2023-09-14,00:00,5592.29,14.1,15,EN_REVISION,35.46666666666667
MOV-00946,B-014,YANG-MING,R-04,MUELLE-A,GRANOS,HAMBURG,2020-03-07,04:22,2020-03-10,13:06,4426.38,11.1,15,PENDIENTE,80.73333333333333
MOV-00947,B-036,HAPAG-SUR,R-03,MUELLE-A,SOJA,MONTEVIDEO,2024-08-02,09:21,2024-08-04,03:24,4665.7,10.6,12,EN_REVISION,42.05
MOV-00948,B-020,COSCO-TIGRE,R-02,MUELLE-D,TRIGO,SANTA FE,2022-12-13,07:49,2022-12-13,00:00,5617.01,7.1,10,PENDIENTE,
MOV-00949,B-025,CMA-ROSARIO,R-08,MUELLE-F,TRIGO,SHANGHAI,2020-10-24,10:09,2020-10-26,00:00,2872.48,11.3,10,DESPACHADO,37.85
MOV-00950,B-003,PIL-SANTA,R-02,MUELLE-E,MAIZ,SANTA FE,2023-12-24,17:51,2023-12-25,04:42,6103.83,13.3,10,EN_REVISION,10.85
MOV-00951,B-019,YANG-MING,R-05,MUELLE-B,GRANOS,MONTEVIDEO,2020-11-01,08:34,2020-11-03,01:15,5283.25,9.8,15,PENDIENTE,40.68333333333333
MOV-00952,B-008,YANG-ESTE,R-04,MUELLE-F,CONTENEDORES,SANTA FE,2024-11-23,16:36,2024-11-24,05:22,5807.37,13.2,10,RECHAZADO,12.766666666666667
MOV-00954,B-030,MAERSK-LIMA,R-05,MUELLE-F,MINERALES,SAO PAULO,2024-04-11,12:17,2024-04-13,19:01,5558.72,12.2,12,DESPACHADO,54.733333333333334
MOV-00956,B-035,YANG-ESTE,R-07,MUELLE-F,ACEITE,VALPARAISO,2022-03-22,01:24,2022-03-23,12:59,5165.58,10.2,10,RECHAZADO,35.583333333333336
MOV-00959,B-026,EVERGREEN-02,R-04,MUELLE-F,CONTENEDORES,BUENOS AIRES,2022-07-19,06:36,2022-07-21,23:27,4205.15,9.4,10,RECHAZADO,64.85
MOV-00960,B-025,ZIM-NORTE,R-08,MUELLE-F,SOJA,VALPARAISO,2023-03-26,00:00,2023-03-27,05:02,8027.74,11.6,12,DESPACHADO,29.033333333333335
MOV-00961,B-038,ZIM-NORTE,R-04,MUELLE-C,HARINA,ROTTERDAM,2023-11-22,00:00,2023-11-23,02:40,3197.99,15.2,15,EN_REVISION,26.666666666666668
MOV-00962,B-010,EVERGREEN-02,R-06,MUELLE-B,GRANOS,SHANGHAI,2020-01-15,01:42,2020-01-15,00:00,4463.38,10.7,10,DESPACHADO,
MOV-00963,B-015,MSC-GENOVA,R-01,MUELLE-F,MAIZ,SAO PAULO,2023-07-02,01:48,2023-07-04,16:33,4413.65,9.5,15,EN_REVISION,62.75
MOV-00964,B-039,CMA-ROSARIO,R-03,MUELLE-A,MAIZ,MONTEVIDEO,2024-01-29,12:52,2024-01-31,23:02,3306.9,14.7,15,DESPACHADO,58.166666666666664
MOV-00965,B-030,MAERSK-PAMPAS,R-05,MUELLE-A,TRIGO,MONTEVIDEO,2023-03-16,23:14,2023-03-18,21:44,5350.22,7.6,15,PENDIENTE,46.5
MOV-00966,B-021,HAPAG-RIO,R-07,MUELLE-C,HARINA,VALPARAISO,2023-07-13,13:49,2023-07-16,00:18,5057.62,9.7,15,EN_REVISION,58.483333333333334
MOV-00967,B-004,COSCO-TIGRE,R-03,MUELLE-D,MINERALES,SANTA FE,2020-11-07,00:45,2020-11-08,17:07,6390.46,10.2,15,PENDIENTE,40.36666666666667
MOV-00968,B-032,CMA-LITORAL,R-04,MUELLE-F,MINERALES,SAO PAULO,2024-04-12,11:04,2024-04-13,00:00,7323.66,11.1,12,EN_REVISION,12.933333333333334
MOV-00969,B-036,YANG-MING,R-03,MUELLE-B,TRIGO,SANTA FE,2020-03-06,23:32,2020-03-07,07:01,3904.63,11.2,10,DESPACHADO,7.483333333333333
MOV-00970,B-023,YANG-MING,R-06,MUELLE-B,MAIZ,SANTA FE,2024-09-26,00:35,2024-09-27,00:00,5291.34,12.8,12,,23.416666666666668
MOV-00971,B-024,COSCO-STAR,R-01,MUELLE-E,SOJA,VALPARAISO,1900-01-01,22:03,2021-03-02,00:00,4843.29,10.5,10,EN_REVISION,
MOV-00973,B-022,ZIMNORTE,R-01,MUELLE-A,ACEITE,BUENOS AIRES,2024-08-27,22:10,2024-08-30,00:00,4444.08,12.9,12,RECHAZADO,49.833333333333336
MOV-00974,B-022,EVERGREEN-02,R-03,MUELLE-F,TRIGO,MONTEVIDEO,2021-10-26,16:53,2021-10-27,17:48,3217.53,4.9,10,PENDIENTE,24.916666666666668
MOV-00976,B-009,HAPAG-RIO,R-04,MUELLE-C,ACEITE,VALPARAISO,2024-02-17,11:36,2024-02-19,15:09,4376.1,10.9,12,EN_REVISION,51.55
MOV-00977,B-007,COSCO-STAR,R-07,MUELLE-A,ACEITE,HAMBURG,2023-09-12,00:00,2023-09-12,00:00,5171.25,10.6,12,DESPACHADO,0.0
MOV-00978,B-032,PIL-SANTA,R-07,MUELLE-A,SOJA,SAO PAULO,2020-09-16,14:06,2020-09-18,12:14,2894.58,9.2,15,RECHAZADO,46.13333333333333
MOV-00979,B-007,ZIM-NORTE,R-05,MUELLE-B,MINERALES,ROTTERDAM,2020-01-18,20:00,2020-01-21,00:00,7494.95,14.1,15,PENDIENTE,52.0
MOV-00980,B-038,HAPAG-RIO,R-07,MUELLE-B,CONTENEDORES,SHANGHAI,1900-01-01,11:36,2024-08-28,08:10,4428.69,9.9,12,EN_REVISION,
MOV-00981,B-024,ONE-PLATA,R-06,MUELLE-D,TRIGO,HAMBURG,2020-05-27,12:30,2020-05-30,09:53,1958.1,16.4,15,EN_REVISION,69.38333333333334
MOV-00982,B-002,MSC-GENOVA,R-08,MUELLE-E,TRIGO,ROTTERDAM,2022-10-23,10:18,2022-10-23,11:14,5473.32,13.6,15,PENDIENTE,0.9333333333333333
MOV-00984,B-020,PILSANTA,R-06,MUELLE-E,HARINA,HAMBURG,2023-02-28,00:00,2023-02-28,00:00,5542.92,13.1,15,,0.0
MOV-00985,B-025,YANG-MING,R-05,MUELLE-D,ACEITE,SAO PAULO,2024-07-19,00:00,2024-07-21,02:52,6065.6,10.9,12,DESPACHADO,50.86666666666667
MOV-00986,B-027,EVER-GLORY,R-01,MUELLE-E,MAIZ,SAO PAULO,2022-05-18,18:01,2022-05-19,01:21,3243.32,10.1,10,RECHAZADO,7.333333333333333
MOV-00988,B-012,MAERSK-PAMPAS,R-01,MUELLE-A,MAIZ,MONTEVIDEO,2021-01-07,14:49,2021-01-08,00:00,4250.95,9.3,12,PENDIENTE,9.183333333333334
MOV-00989,B-011,MAERSK-PAMPAS,R-01,MUELLE-C,HARINA,ROTTERDAM,2024-02-25,08:31,2024-02-27,10:35,3950.28,15.0,10,RECHAZADO,50.06666666666667
MOV-00990,B-031,HAPAG-SUR,R-05,MUELLE-A,MINERALES,SANTA FE,2024-05-07,01:27,2024-05-07,00:00,3814.45,13.7,12,EN_REVISION,
MOV-00991,B-029,MSC-GENOVA,R-01,MUELLE-C,TRIGO,HAMBURG,1900-01-01,12:46,2021-11-18,11:16,3254.22,6.3,10,DESPACHADO,
MOV-00994,B-037,HAPAG-SUR,R-03,MUELLE-F,TRIGO,MONTEVIDEO,2023-06-23,15:23,2023-06-26,00:00,8161.82,16.5,10,DESPACHADO,56.61666666666667
MOV-00995,B-017,HAPAG-RIO,R-01,MUELLE-C,SOJA,ROTTERDAM,2022-06-21,09:02,2022-06-23,06:05,6580.17,15.4,10,EN_REVISION,45.05
MOV-00996,B-001,ONE-PLATA,R-06,MUELLE-C,MINERALES,BUENOS AIRES,2022-12-02,09:39,2022-12-04,18:08,4444.96,16.2,12,RECHAZADO,56.483333333333334
MOV-00997,B-012,PIL-SANTA,R-06,MUELLE-B,ACEITE,MONTEVIDEO,2020-07-04,22:03,2020-07-07,00:00,4951.59,10.6,10,RECHAZADO,49.95
MOV-00998,B-030,ONE-PARANA,R-05,MUELLE-F,GRANOS,SANTA FE,2020-11-13,11:39,2020-11-16,00:00,6421.14,16.8,12,PENDIENTE,60.35
MOV-00999,B-017,YANG-ESTE,R-05,MUELLE-D,HARINA,ROTTERDAM,2020-07-31,15:46,2020-08-02,13:21,4559.67,15.8,12,DESPACHADO,45.583333333333336
MOV-01001,B-005,PIL-OESTE,R-04,MUELLE-C,CONTENEDORES,SAO PAULO,2021-08-09,09:30,2021-08-10,11:19,6762.91,15.7,15,DESPACHADO,25.816666666666666
MOV-01002,B-017,ONE-PLATA,R-01,MUELLE-C,TRIGO,BUENOS AIRES,2023-07-25,09:15,2023-07-26,00:49,6833.54,13.0,12,RECHAZADO,15.566666666666666
MOV-01003,B-009,COSCO-STAR,R-04,MUELLE-E,GRANOS,HAMBURG,2022-03-20,13:04,2022-03-22,00:00,3700.93,10.8,10,PENDIENTE,34.93333333333333
MOV-01004,B-034,ZIM-NORTE,R-07,MUELLE-D,GRANOS,SHANGHAI,2022-12-13,09:11,2022-12-16,22:53,2908.46,16.3,15,EN_REVISION,85.7
MOV-01006,B-001,MAERSK-PAMPAS,R-03,MUELLE-F,TRIGO,SAO PAULO,2023-12-13,11:30,2023-12-14,00:03,4281.75,9.9,15,EN_REVISION,12.55
MOV-01007,B-015,CMA-ROSARIO,R-03,MUELLE-E,ACEITE,HAMBURG,2020-03-26,23:09,2020-03-28,00:00,4727.22,13.7,12,DESPACHADO,24.85
MOV-01008,B-038,MAERSK-PAMPAS,R-05,MUELLE-D,MINERALES,SAO PAULO,2022-02-17,19:00,2022-02-19,00:00,6912.89,4.6,12,RECHAZADO,29.0
MOV-01009,B-002,MSC-GENOVA,R-07,MUELLE-B,TRIGO,VALPARAISO,1900-01-01,13:17,2020-11-22,00:00,3603.61,10.0,12,EN_REVISION,
MOV-01010,B-015,ZIM-DELTA,R-06,MUELLE-D,GRANOS,SHANGHAI,2022-01-19,06:13,2022-01-21,00:00,6744.39,13.1,10,DESPACHADO,41.78333333333333
MOV-01011,B-019,EVERGREEN-02,R-08,MUELLE-C,ACEITE,SHANGHAI,2021-05-06,22:40,2021-05-09,16:17,6085.13,12.4,15,EN_REVISION,65.61666666666666
MOV-01012,B-004,CMA-LITORAL,R-03,MUELLE-A,CONTENEDORES,SHANGHAI,2021-01-13,02:19,2021-01-15,00:00,6155.05,9.1,15,DESPACHADO,45.68333333333333
MOV-01013,B-024,ZIM-DELTA,R-03,MUELLE-F,SOJA,MONTEVIDEO,2023-12-09,05:37,2023-12-10,17:38,5709.32,10.3,15,EN_REVISION,36.016666666666666
MOV-01014,B-002,YANG-MING,R-08,MUELLE-E,HARINA,BUENOS AIRES,2021-10-27,09:26,2021-10-27,01:54,5546.29,7.8,10,PENDIENTE,
MOV-01015,B-030,MAERSK-PAMPAS,R-07,MUELLE-A,MAIZ,HAMBURG,2020-11-04,00:49,2020-11-05,00:00,4842.18,13.5,10,PENDIENTE,23.183333333333334
MOV-01016,B-020,EVERGREEN-02,R-03,MUELLE-B,SOJA,BUENOS AIRES,2021-01-28,10:25,2021-01-29,00:00,4544.04,11.9,10,DESPACHADO,13.583333333333334
MOV-01017,B-040,MAERSK-LIMA,R-08,MUELLE-C,GRANOS,SHANGHAI,2020-02-16,07:17,2020-02-17,07:27,6464.22,15.1,10,DESPACHADO,24.166666666666668
MOV-01019,B-009,ZIM-DELTA,R-04,MUELLE-F,MINERALES,SANTA FE,2022-12-06,00:50,2022-12-06,14:49,3025.99,12.2,12,DESPACHADO,13.983333333333333
MOV-01020,B-013,YANG-ESTE,R-03,MUELLE-B,MINERALES,SHANGHAI,2022-12-10,10:58,2022-12-11,04:33,5754.72,9.1,10,DESPACHADO,17.583333333333332
MOV-01021,B-035,ZIM-NORTE,R-04,MUELLE-E,MINERALES,SAO PAULO,2020-10-24,07:34,2020-10-24,17:10,6658.51,8.0,10,RECHAZADO,9.6
MOV-01024,B-021,PIL-SANTA,R-06,MUELLE-E,ACEITE,ROTTERDAM,2024-10-09,02:05,2024-10-11,00:00,5855.41,12.4,10,RECHAZADO,45.916666666666664
MOV-01025,B-015,ZIM-NORTE,R-06,MUELLE-F,GRANOS,SHANGHAI,2021-06-13,00:49,2021-06-13,07:51,7100.77,12.7,10,RECHAZADO,7.033333333333333
MOV-01026,B-030,EVER-GLORY,R-01,MUELLE-F,CONTENEDORES,MONTEVIDEO,2023-03-26,10:56,2023-03-27,13:17,5967.07,10.8,15,RECHAZADO,26.35
MOV-01027,B-033,MSC-GENOVA,R-01,MUELLE-A,CONTENEDORES,BUENOS AIRES,2023-09-18,09:44,2023-09-20,00:00,5288.07,14.5,15,RECHAZADO,38.266666666666666
MOV-01028,B-007,CMA-ROSARIO,R-05,MUELLE-F,ACEITE,HAMBURG,2020-03-24,08:55,2020-03-26,00:00,6874.66,10.5,10,RECHAZADO,39.083333333333336
MOV-01029,B-031,EVERGREEN-02,R-07,MUELLE-F,MINERALES,BUENOS AIRES,2022-02-13,08:40,2022-02-15,00:00,5625.38,12.5,12,PENDIENTE,39.333333333333336
MOV-01030,B-032,PIL-OESTE,R-02,MUELLE-A,CONTENEDORES,BUENOS AIRES,2022-02-20,22:41,2022-02-21,06:08,4619.32,14.9,12,DESPACHADO,7.45
MOV-01031,B-012,ZIM-DELTA,R-08,MUELLE-F,MINERALES,VALPARAISO,2023-02-21,03:40,2023-02-22,00:00,4604.55,12.3,15,,20.333333333333332
MOV-01032,B-035,MAERSK-PAMPAS,R-06,MUELLE-F,TRIGO,SAO PAULO,2024-04-01,00:00,2024-04-02,13:38,3807.48,12.8,12,EN_REVISION,37.63333333333333
MOV-01033,B-027,MAERSK-PAMPAS,R-04,MUELLE-B,GRANOS,HAMBURG,2021-04-25,08:32,2021-04-26,05:38,2726.25,9.3,15,DESPACHADO,21.1
MOV-01034,B-031,COSCO-TIGRE,R-06,MUELLE-F,HARINA,BUENOS AIRES,2021-07-09,15:30,2021-07-11,23:47,3694.44,12.0,15,PENDIENTE,56.28333333333333
MOV-01035,B-023,HAPAG-RIO,R-06,MUELLE-D,TRIGO,SAO PAULO,2022-08-03,08:49,2022-08-03,14:28,3547.17,8.9,10,DESPACHADO,5.65
MOV-01036,B-014,COSCO-TIGRE,R-07,MUELLE-E,TRIGO,SAO PAULO,2020-09-22,04:34,2020-09-24,10:36,4132.17,12.1,12,PENDIENTE,54.03333333333333
MOV-01037,B-004,MSC-GENOVA,R-05,MUELLE-B,TRIGO,VALPARAISO,2021-02-08,06:14,2021-02-09,00:00,5368.34,15.1,12,DESPACHADO,17.766666666666666
MOV-01038,B-024,MAERSK-LIMA,R-08,MUELLE-D,CONTENEDORES,SANTA FE,2021-09-21,09:46,2021-09-22,00:00,4343.42,17.5,12,RECHAZADO,14.233333333333333
MOV-01040,B-034,COSCO-TIGRE,R-01,MUELLE-D,MINERALES,SAO PAULO,2024-08-24,18:36,2024-08-27,01:57,3646.62,12.1,12,EN_REVISION,55.35
MOV-01041,B-014,PIL-OESTE,R-07,MUELLE-B,HARINA,SHANGHAI,2021-10-18,23:18,2021-10-21,11:57,6528.3,12.2,12,EN_REVISION,60.65
MOV-01044,B-032,ONE-PARANA,R-04,MUELLE-E,MINERALES,SANTA FE,2023-09-12,10:24,2023-09-14,07:20,6958.44,17.3,10,EN_REVISION,44.93333333333333
MOV-01045,B-021,YANG-ESTE,R-04,MUELLE-E,GRANOS,ROTTERDAM,2020-04-02,16:55,2020-04-04,15:08,4991.95,11.0,10,PENDIENTE,46.21666666666667
MOV-01046,B-005,MSC-GENOVA,R-01,MUELLE-B,ACEITE,VALPARAISO,2021-09-05,18:51,2021-09-06,06:10,4151.79,10.0,10,RECHAZADO,11.316666666666666
MOV-01048,B-002,COSCO-STAR,R-03,MUELLE-C,ACEITE,HAMBURG,2023-02-18,01:24,2023-02-18,00:00,5514.99,11.7,12,DESPACHADO,
MOV-01050,B-037,EVERGREEN-02,R-03,MUELLE-B,GRANOS,VALPARAISO,2022-09-05,21:04,2022-09-08,04:37,3546.15,5.8,10,DESPACHADO,55.55
MOV-01051,B-025,PIL-OESTE,R-06,MUELLE-A,CONTENEDORES,SHANGHAI,2023-02-09,13:03,2023-02-10,00:00,4664.58,10.4,10,RECHAZADO,10.95
MOV-01052,B-009,EVER-GLORY,R-07,MUELLE-B,TRIGO,BUENOS AIRES,2023-02-10,21:44,2023-02-13,21:20,5441.39,9.5,12,EN_REVISION,71.6
MOV-01054,B-033,EVER-GLORY,R-07,MUELLE-B,MINERALES,VALPARAISO,2023-11-02,19:40,2023-11-04,00:00,3706.02,14.4,10,EN_REVISION,28.333333333333332
MOV-01055,B-035,YANGMING,R-08,MUELLE-D,CONTENEDORES,BUENOS AIRES,2022-10-11,04:33,2022-10-13,00:00,5181.55,13.3,12,EN_REVISION,43.45
MOV-01056,B-035,COSCO-TIGRE,R-07,MUELLE-A,TRIGO,VALPARAISO,2023-05-02,20:50,2023-05-05,20:09,4640.71,19.1,15,PENDIENTE,71.31666666666666
MOV-01057,B-013,MSCALPHA,R-03,MUELLE-C,CONTENEDORES,SANTA FE,2024-09-11,19:19,2024-09-14,18:50,3033.08,11.3,15,DESPACHADO,71.51666666666667
MOV-01058,B-022,YANG-ESTE,R-04,MUELLE-C,MAIZ,SAO PAULO,2020-01-14,19:05,2020-01-15,00:00,6333.8,15.4,10,PENDIENTE,4.916666666666667
MOV-01059,B-013,CMA-LITORAL,R-08,MUELLE-E,MAIZ,VALPARAISO,2022-05-24,16:09,2022-05-26,05:01,5021.5,10.6,10,DESPACHADO,36.86666666666667
MOV-01060,B-028,ONE-PARANA,R-06,MUELLE-C,MINERALES,HAMBURG,2022-05-04,06:49,2022-05-06,00:00,5399.48,6.0,10,EN_REVISION,41.18333333333333
MOV-01061,B-002,MSC-ALPHA,R-01,MUELLE-B,HARINA,SHANGHAI,2022-11-12,15:10,2022-11-12,00:00,5240.64,16.9,10,EN_REVISION,
MOV-01062,B-014,COSCOTIGRE,R-06,MUELLE-E,TRIGO,BUENOS AIRES,2020-09-19,03:42,2020-09-19,00:00,5320.08,7.4,12,EN_REVISION,
MOV-01063,B-023,CMA-LITORAL,R-05,MUELLE-C,TRIGO,SAO PAULO,2020-07-17,03:43,2020-07-19,21:06,3634.6,9.7,12,DESPACHADO,65.38333333333334
MOV-01064,B-035,EVERGREEN-02,R-07,MUELLE-F,SOJA,BUENOS AIRES,2024-07-14,04:07,2024-07-16,00:00,4602.43,11.9,15,RECHAZADO,43.88333333333333
MOV-01066,B-010,MAERSKLIMA,R-03,MUELLE-F,MAIZ,BUENOS AIRES,2020-12-03,15:35,2020-12-05,04:53,5896.25,9.2,15,PENDIENTE,37.3
MOV-01067,B-026,EVER-GLORY,R-05,MUELLE-E,ACEITE,SAO PAULO,2021-02-25,10:33,2021-02-27,10:50,5380.8,14.1,12,DESPACHADO,48.28333333333333
MOV-01068,B-020,ZIM-NORTE,R-04,MUELLE-D,HARINA,BUENOS AIRES,2021-12-17,11:47,2021-12-19,12:07,4280.64,7.5,15,DESPACHADO,48.333333333333336
MOV-01070,B-015,YANG-ESTE,R-02,MUELLE-C,HARINA,SANTA FE,2021-05-29,00:00,1900-01-01,14:56,4588.3,16.9,12,EN_REVISION,
MOV-01071,B-039,PIL-OESTE,R-02,MUELLE-C,MINERALES,SAO PAULO,2022-02-19,14:42,2022-02-20,17:43,3784.43,14.8,15,DESPACHADO,27.016666666666666
MOV-01072,B-018,EVERGREEN-02,R-08,MUELLE-A,ACEITE,SHANGHAI,2022-08-14,00:07,2022-08-14,00:00,4483.02,10.8,12,RECHAZADO,
MOV-01073,B-036,MAERSK-PAMPAS,R-02,MUELLE-A,ACEITE,HAMBURG,2024-10-31,18:18,2024-11-02,00:00,6321.17,10.7,12,PENDIENTE,29.7
MOV-01074,B-022,ONE-PLATA,R-08,MUELLE-F,CONTENEDORES,ROTTERDAM,2024-03-04,02:22,2024-03-06,14:06,5716.34,8.1,12,EN_REVISION,59.733333333333334
MOV-01075,B-034,YANG-ESTE,R-07,MUELLE-C,TRIGO,VALPARAISO,2021-07-26,17:55,2021-07-27,01:47,5633.99,10.5,12,EN_REVISION,7.866666666666666
MOV-01076,B-018,MSC-GENOVA,R-08,MUELLE-B,MINERALES,SAO PAULO,2021-12-21,00:46,2021-12-23,00:00,7398.82,10.8,10,DESPACHADO,47.233333333333334
MOV-01077,B-028,PIL-SANTA,R-07,MUELLE-D,GRANOS,SAO PAULO,2021-02-06,18:39,2021-02-09,00:00,6747.56,6.0,12,PENDIENTE,53.35
MOV-01079,B-002,COSCO-TIGRE,R-08,MUELLE-C,CONTENEDORES,HAMBURG,2023-01-14,21:07,2023-01-15,00:00,3305.09,12.5,15,DESPACHADO,2.8833333333333333
MOV-01081,B-014,MAERSK-PAMPAS,R-06,MUELLE-F,HARINA,SANTA FE,2021-01-13,16:03,2021-01-13,00:00,6200.13,9.1,12,EN_REVISION,
MOV-01082,B-003,ZIM-NORTE,R-06,MUELLE-F,TRIGO,SANTA FE,2022-08-02,20:56,2022-08-04,16:44,8203.39,11.8,10,,43.8
MOV-01084,B-035,CMA-ROSARIO,R-01,MUELLE-F,CONTENEDORES,MONTEVIDEO,2020-03-07,18:15,2020-03-08,13:01,4230.56,17.8,15,DESPACHADO,18.766666666666666
MOV-01085,B-034,MAERSK-LIMA,,MUELLE-A,MAIZ,HAMBURG,2024-11-17,04:27,2024-11-18,00:00,5491.71,10.5,15,PENDIENTE,19.55
MOV-01086,B-037,MAERSK-PAMPAS,R-06,MUELLE-C,HARINA,HAMBURG,2024-08-15,22:48,2024-08-17,02:44,6712.93,15.2,10,RECHAZADO,27.933333333333334
MOV-01087,B-023,YANG-ESTE,R-04,MUELLE-C,ACEITE,BUENOS AIRES,2020-11-08,14:28,2020-11-10,02:15,3109.37,11.8,15,DESPACHADO,35.78333333333333
MOV-01088,B-040,EVER-GLORY,,MUELLE-D,GRANOS,VALPARAISO,2023-01-26,09:36,2023-01-28,19:21,6268.84,9.5,12,EN_REVISION,57.75
MOV-01089,B-029,PIL-SANTA,R-01,MUELLE-D,HARINA,BUENOS AIRES,2020-10-29,21:30,2020-11-01,19:16,7968.63,7.4,12,PENDIENTE,69.76666666666667
MOV-01090,B-022,EVERGREEN-02,R-07,MUELLE-B,SOJA,ROTTERDAM,2022-09-17,22:55,2022-09-20,00:00,5614.22,17.1,15,PENDIENTE,49.083333333333336
MOV-01091,B-011,COSCO-STAR,R-08,MUELLE-E,TRIGO,SAO PAULO,2023-10-28,07:55,2023-10-28,05:10,2646.78,9.8,15,RECHAZADO,
MOV-01092,B-003,HAPAG-RIO,R-07,MUELLE-C,GRANOS,SANTA FE,2021-03-20,18:27,2021-03-22,20:56,4235.84,7.5,15,PENDIENTE,50.483333333333334
MOV-01093,B-027,CMA-LITORAL,R-07,MUELLE-D,TRIGO,VALPARAISO,2022-11-15,22:05,2022-11-17,00:00,4897.59,8.3,12,PENDIENTE,25.916666666666668
MOV-01094,B-039,MSC-ALPHA,,MUELLE-F,MINERALES,HAMBURG,2022-03-05,16:28,2022-03-06,00:00,4780.17,15.8,12,EN_REVISION,7.533333333333333
MOV-01095,B-038,MSC-GENOVA,R-07,MUELLE-C,CONTENEDORES,ROTTERDAM,2020-09-06,21:34,2020-09-08,10:55,3922.21,7.3,10,RECHAZADO,37.35
MOV-01097,B-023,MSC-ALPHA,R-02,MUELLE-F,MAIZ,ROTTERDAM,2023-05-17,08:13,2023-05-19,10:25,4459.14,10.1,12,RECHAZADO,50.2
MOV-01098,B-024,CMA-ROSARIO,R-01,MUELLE-B,ACEITE,BUENOS AIRES,2023-09-08,00:51,2023-09-09,00:00,3676.65,10.4,15,DESPACHADO,23.15
MOV-01100,B-031,MSC-GENOVA,R-03,MUELLE-C,CONTENEDORES,BUENOS AIRES,1900-01-01,06:02,2024-08-11,00:00,5267.25,10.0,15,DESPACHADO,
MOV-01101,B-030,MAERSK-LIMA,R-05,MUELLE-D,TRIGO,MONTEVIDEO,2022-06-27,09:15,2022-06-28,04:04,4896.08,13.2,10,DESPACHADO,18.816666666666666
MOV-01102,B-004,ZIM-DELTA,R-07,MUELLE-F,MINERALES,SANTA FE,2020-01-16,11:57,2020-01-18,01:47,3999.93,12.7,10,PENDIENTE,37.833333333333336
MOV-01103,B-015,ZIM-DELTA,R-01,MUELLE-F,ACEITE,VALPARAISO,2024-11-18,13:21,2024-11-21,06:20,4813.78,7.4,10,,64.98333333333333
MOV-01105,B-017,ZIM-DELTA,R-08,MUELLE-D,GRANOS,MONTEVIDEO,2021-07-06,14:03,2021-07-07,16:27,5039.83,11.6,15,DESPACHADO,26.4
MOV-01106,B-025,YANG-ESTE,R-08,MUELLE-C,GRANOS,SHANGHAI,2024-05-04,18:15,2024-05-05,00:00,3033.35,12.2,15,,5.75
MOV-01107,B-039,PIL-SANTA,R-05,MUELLE-A,CONTENEDORES,SHANGHAI,2024-02-24,10:36,2024-02-25,11:34,7181.14,9.4,10,EN_REVISION,24.966666666666665
MOV-01109,B-026,HAPAG-RIO,R-01,MUELLE-C,MINERALES,HAMBURG,2021-07-22,21:37,2021-07-25,02:41,6248.64,7.8,10,RECHAZADO,53.06666666666667
MOV-01110,B-037,MAERSK-LIMA,R-03,MUELLE-B,GRANOS,SHANGHAI,2024-10-18,23:53,2024-10-21,10:40,6131.23,11.5,10,DESPACHADO,58.78333333333333
MOV-01111,B-032,PIL-SANTA,R-08,MUELLE-C,MINERALES,HAMBURG,2023-09-27,21:21,2023-09-29,23:40,2561.03,18.2,15,PENDIENTE,50.31666666666667
MOV-01112,B-037,COSCO-STAR,R-07,MUELLE-E,TRIGO,SAO PAULO,1900-01-01,07:48,2020-06-08,02:59,5022.99,12.8,15,EN_REVISION,
MOV-01113,B-031,ONE-PLATA,R-02,MUELLE-A,MAIZ,MONTEVIDEO,2021-08-17,23:23,2021-08-18,16:38,3508.01,9.6,10,RECHAZADO,17.25
MOV-01116,B-038,CMA-ROSARIO,R-02,MUELLE-A,SOJA,BUENOS AIRES,2020-08-20,06:09,2020-08-21,13:24,2833.89,7.4,15,RECHAZADO,31.25
MOV-01117,B-011,COSCO-TIGRE,R-03,MUELLE-C,ACEITE,SHANGHAI,2020-09-09,07:21,2020-09-10,00:00,4381.74,12.9,10,EN_REVISION,16.65
MOV-01118,B-017,HAPAG-SUR,R-01,MUELLE-F,GRANOS,ROTTERDAM,2022-12-12,02:03,2022-12-14,09:08,5259.92,9.8,15,DESPACHADO,55.083333333333336
MOV-01119,B-028,PIL-SANTA,R-02,MUELLE-E,ACEITE,VALPARAISO,2022-03-13,11:46,2022-03-13,19:31,5643.15,16.2,12,DESPACHADO,7.75
MOV-01121,B-007,CMA-LITORAL,R-05,MUELLE-A,MAIZ,SANTA FE,2022-11-17,16:25,2022-11-19,05:23,4617.38,8.9,15,EN_REVISION,36.96666666666667
MOV-01122,B-021,ONE-PARANA,R-03,MUELLE-F,SOJA,SANTA FE,2024-12-12,04:13,2024-12-12,12:49,5348.84,12.6,12,DESPACHADO,8.6
MOV-01123,B-016,HAPAG-RIO,R-01,MUELLE-B,ACEITE,SAO PAULO,1900-01-01,01:52,2024-06-28,01:46,5806.3,15.1,12,EN_REVISION,
MOV-01124,B-032,HAPAG-SUR,R-03,MUELLE-A,GRANOS,HAMBURG,2020-04-16,00:15,2020-04-17,07:14,5433.31,14.2,15,EN_REVISION,30.983333333333334
MOV-01125,B-028,ZIM-NORTE,R-04,MUELLE-E,MAIZ,HAMBURG,2023-12-31,07:37,2024-01-02,00:00,5045.87,4.6,15,RECHAZADO,40.38333333333333
MOV-01126,B-003,PIL-SANTA,,MUELLE-F,TRIGO,SHANGHAI,2023-06-11,19:23,2023-06-13,22:45,5126.73,9.8,15,,51.36666666666667
MOV-01127,B-036,ZIM-NORTE,R-05,MUELLE-E,HARINA,ROTTERDAM,2022-05-02,22:26,2022-05-03,09:37,5266.41,8.8,15,PENDIENTE,11.183333333333334
MOV-01129,B-010,CMA-ROSARIO,R-04,MUELLE-C,MAIZ,ROTTERDAM,2024-11-13,01:45,2024-11-14,17:58,6167.0,7.6,12,RECHAZADO,40.21666666666667
MOV-01130,B-021,CMA-ROSARIO,R-02,MUELLE-A,MAIZ,HAMBURG,2024-12-30,00:00,2024-12-30,05:38,6192.08,11.0,12,,5.633333333333334
MOV-01131,B-035,MAERSK-LIMA,R-01,MUELLE-B,CONTENEDORES,VALPARAISO,2020-09-21,02:32,2020-09-22,02:21,4609.09,7.6,10,EN_REVISION,23.816666666666666
MOV-01132,B-031,MSC-GENOVA,R-04,MUELLE-F,MAIZ,SANTA FE,2021-06-07,06:46,2021-06-08,00:00,5395.42,14.4,12,EN_REVISION,17.233333333333334
MOV-01134,B-030,COSCO-STAR,R-03,MUELLE-B,SOJA,SAO PAULO,2021-07-22,16:30,2021-07-24,00:00,3661.78,7.8,10,RECHAZADO,31.5
MOV-01135,B-038,COSCO-TIGRE,R-05,MUELLE-F,GRANOS,SAO PAULO,2022-11-10,10:39,2022-11-11,04:46,4203.33,14.8,12,DESPACHADO,18.116666666666667
MOV-01136,B-015,ONE-PLATA,R-06,MUELLE-D,MINERALES,SANTA FE,2020-06-01,11:12,2020-06-04,17:25,6946.24,11.3,15,PENDIENTE,78.21666666666667
MOV-01137,B-030,ONE-PLATA,R-03,MUELLE-F,MAIZ,BUENOS AIRES,2023-10-22,21:00,2023-10-24,00:00,4919.13,8.7,10,,27.0
MOV-01140,B-013,EVER-GLORY,R-02,MUELLE-E,CONTENEDORES,VALPARAISO,2022-01-01,22:24,2022-01-04,00:00,5329.75,12.9,12,,49.6
MOV-01141,B-022,ONE-PARANA,R-07,MUELLE-B,ACEITE,BUENOS AIRES,2021-06-12,00:00,2021-06-12,01:09,5128.97,13.1,12,PENDIENTE,1.15
MOV-01142,B-028,CMA-LITORAL,R-04,MUELLE-F,ACEITE,SAO PAULO,2020-09-02,03:53,2020-09-04,00:00,4494.89,9.7,12,EN_REVISION,44.11666666666667
MOV-01144,B-033,COSCO-STAR,R-08,MUELLE-B,ACEITE,VALPARAISO,2023-12-12,22:30,2023-12-15,00:00,5961.88,10.5,12,EN_REVISION,49.5
MOV-01146,B-015,CMA-ROSARIO,R-05,MUELLE-D,GRANOS,HAMBURG,2024-06-14,03:45,2024-06-16,21:46,4481.85,13.0,15,PENDIENTE,66.01666666666667
MOV-01147,B-036,PIL-OESTE,R-06,MUELLE-B,TRIGO,ROTTERDAM,2023-03-13,13:46,2023-03-15,00:00,5319.68,8.6,12,DESPACHADO,34.233333333333334
MOV-01148,B-029,MAERSK-LIMA,R-04,MUELLE-B,MAIZ,VALPARAISO,2022-03-18,21:58,2022-03-19,00:00,5857.98,15.4,10,DESPACHADO,2.033333333333333
MOV-01149,B-023,MSC-GENOVA,R-03,MUELLE-F,MAIZ,MONTEVIDEO,2023-07-27,10:37,2023-07-29,05:45,3279.93,12.6,15,DESPACHADO,43.13333333333333
MOV-01150,B-013,CMA-ROSARIO,R-08,MUELLE-E,TRIGO,ROTTERDAM,2020-03-25,00:08,2020-03-27,08:53,7654.71,15.6,10,PENDIENTE,56.75
MOV-01151,B-024,EVERGREEN-02,R-08,MUELLE-B,SOJA,SANTA FE,2021-02-02,02:35,2021-02-04,05:00,5641.71,15.5,15,EN_REVISION,50.416666666666664
MOV-01152,B-022,EVER-GLORY,R-03,MUELLE-F,MINERALES,SHANGHAI,2020-02-07,00:38,2020-02-07,00:00,3779.2,11.5,15,DESPACHADO,
MOV-01154,B-035,MAERSK-PAMPAS,R-08,MUELLE-F,ACEITE,HAMBURG,2023-04-18,10:36,2023-04-19,00:00,4191.98,15.2,10,EN_REVISION,13.4
MOV-01155,B-015,ZIM-NORTE,R-05,MUELLE-F,ACEITE,SANTA FE,2024-11-30,12:16,2024-12-01,00:00,5562.04,11.1,12,EN_REVISION,11.733333333333333
MOV-01156,B-024,ZIM-NORTE,R-06,MUELLE-D,HARINA,BUENOS AIRES,2022-07-26,20:09,2022-07-29,00:00,6627.78,13.5,12,DESPACHADO,51.85
MOV-01157,B-034,CMA-ROSARIO,R-05,MUELLE-B,MINERALES,SANTA FE,2023-07-10,18:12,2023-07-12,00:00,4070.5,12.9,12,EN_REVISION,29.8
MOV-01159,B-035,ONE-PARANA,R-07,MUELLE-F,GRANOS,SAO PAULO,2024-08-08,07:52,2024-08-10,17:52,5779.39,18.3,10,,58.0
MOV-01160,B-018,COSCO-TIGRE,R-02,MUELLE-C,TRIGO,SAO PAULO,2024-02-10,18:05,2024-02-13,14:34,5380.3,12.2,12,RECHAZADO,68.48333333333333
MOV-01161,B-001,MSC-ALPHA,R-05,MUELLE-C,CONTENEDORES,ROTTERDAM,2024-01-23,15:19,2024-01-24,00:58,4016.72,11.6,15,DESPACHADO,9.65
MOV-01162,B-038,ONE-PLATA,,MUELLE-A,ACEITE,SANTA FE,2024-10-29,04:42,2024-10-29,16:28,2836.28,13.4,10,DESPACHADO,11.766666666666667
MOV-01163,B-015,PIL-OESTE,R-02,MUELLE-A,CONTENEDORES,VALPARAISO,2022-07-10,12:59,2022-07-12,00:00,3870.54,13.1,15,EN_REVISION,35.016666666666666
MOV-01164,B-024,EVER-GLORY,,MUELLE-E,MINERALES,MONTEVIDEO,2024-02-25,08:09,2024-02-26,00:00,6347.81,11.9,12,RECHAZADO,15.85
MOV-01165,B-020,MAERSK-PAMPAS,R-07,MUELLE-B,GRANOS,SAO PAULO,2020-04-23,06:05,2020-04-24,00:00,5159.21,10.8,10,PENDIENTE,17.916666666666668
MOV-01166,B-010,PIL-OESTE,R-07,MUELLE-A,ACEITE,BUENOS AIRES,2021-12-10,14:45,2021-12-13,18:05,5577.54,15.8,12,EN_REVISION,75.33333333333333
MOV-01167,B-035,PIL-OESTE,R-06,MUELLE-F,CONTENEDORES,VALPARAISO,2021-10-31,21:24,2021-11-01,00:00,3555.13,12.8,10,DESPACHADO,2.6
MOV-01168,B-019,CMA-ROSARIO,,MUELLE-E,ACEITE,BUENOS AIRES,2022-09-12,18:46,2022-09-13,06:44,6297.3,11.3,12,RECHAZADO,11.966666666666667
MOV-01169,B-011,MAERSK-LIMA,R-03,MUELLE-A,ACEITE,BUENOS AIRES,2024-06-19,12:10,2024-06-21,00:20,3287.42,7.2,15,DESPACHADO,36.166666666666664
MOV-01170,B-035,COSCO-STAR,R-05,MUELLE-A,TRIGO,SANTA FE,2024-03-29,16:53,2024-03-31,09:22,3873.0,18.6,15,RECHAZADO,40.483333333333334
MOV-01171,B-037,YANG-ESTE,R-08,MUELLE-A,MAIZ,VALPARAISO,2020-06-25,00:58,2020-06-25,00:00,7750.98,12.2,10,EN_REVISION,
MOV-01172,B-031,ZIM-DELTA,R-06,MUELLE-C,HARINA,BUENOS AIRES,2022-04-12,13:06,2022-04-14,22:35,4467.8,12.3,12,EN_REVISION,57.483333333333334
MOV-01173,B-037,EVER-GLORY,R-07,MUELLE-B,MINERALES,SHANGHAI,2021-01-21,06:45,2021-01-21,20:43,6705.74,8.5,12,PENDIENTE,13.966666666666667
MOV-01175,B-029,COSCO-TIGRE,R-04,MUELLE-C,MAIZ,HAMBURG,2023-01-21,10:42,2023-01-24,08:58,5818.6,9.1,12,DESPACHADO,70.26666666666667
MOV-01176,B-022,YANG-MING,R-07,MUELLE-C,CONTENEDORES,BUENOS AIRES,2023-09-01,00:15,2023-09-02,00:00,5888.26,15.8,12,RECHAZADO,23.75
MOV-01177,B-030,MSC-ALPHA,R-08,MUELLE-B,ACEITE,BUENOS AIRES,2022-03-21,18:43,2022-03-23,00:00,6508.01,15.0,12,EN_REVISION,29.283333333333335
MOV-01179,B-010,MAERSK-LIMA,R-01,MUELLE-E,TRIGO,SHANGHAI,2023-05-26,04:10,2023-05-28,14:41,3745.37,19.7,10,PENDIENTE,58.516666666666666
MOV-01180,B-014,YANGMING,R-08,MUELLE-D,MINERALES,SANTA FE,2021-09-28,09:25,2021-09-30,00:00,6227.97,11.0,10,DESPACHADO,38.583333333333336
MOV-01181,B-022,PIL-OESTE,R-03,MUELLE-C,CONTENEDORES,MONTEVIDEO,2024-03-17,04:13,2024-03-18,00:00,5309.87,9.2,15,RECHAZADO,19.783333333333335
MOV-01182,B-017,PIL-SANTA,R-07,MUELLE-D,CONTENEDORES,BUENOS AIRES,2023-05-12,23:47,2023-05-15,00:00,3290.84,17.6,12,DESPACHADO,48.21666666666667
MOV-01183,B-002,ZIM-DELTA,R-06,MUELLE-A,CONTENEDORES,SHANGHAI,2021-07-13,00:00,2021-07-14,00:00,5267.81,9.9,12,RECHAZADO,24.0
MOV-01185,B-012,ZIMDELTA,R-02,MUELLE-E,CONTENEDORES,HAMBURG,2021-12-13,19:01,2021-12-15,00:00,5571.91,12.3,15,PENDIENTE,28.983333333333334
MOV-01187,B-034,MSC-GENOVA,R-04,MUELLE-C,SOJA,MONTEVIDEO,2020-01-26,00:23,2020-01-27,22:46,5580.29,14.6,15,PENDIENTE,46.38333333333333
MOV-01191,B-007,COSCO-STAR,R-03,MUELLE-A,TRIGO,VALPARAISO,2022-12-29,00:04,2022-12-29,01:03,4290.01,12.9,12,DESPACHADO,0.9833333333333333
MOV-01192,B-028,ONE-PLATA,R-07,MUELLE-B,SOJA,MONTEVIDEO,2023-05-22,00:19,2023-05-23,06:42,5626.15,9.1,15,EN_REVISION,30.383333333333333
MOV-01193,B-038,MSC-ALPHA,R-03,MUELLE-C,CONTENEDORES,SANTA FE,2022-07-10,13:19,2022-07-12,15:57,3452.63,12.4,10,DESPACHADO,50.63333333333333
MOV-01195,B-013,YANG-ESTE,R-05,MUELLE-D,HARINA,VALPARAISO,2023-02-15,07:20,2023-02-17,04:16,5872.27,14.5,15,EN_REVISION,44.93333333333333
MOV-01197,B-008,YANG-MING,R-04,MUELLE-C,HARINA,MONTEVIDEO,2024-12-26,18:16,2024-12-28,05:53,6190.05,13.6,12,DESPACHADO,35.61666666666667
MOV-01199,B-018,HAPAG-SUR,R-03,MUELLE-F,TRIGO,SANTA FE,1900-01-01,08:20,2020-12-18,21:23,7120.08,10.6,15,EN_REVISION,
MOV-01200,B-027,MSC-GENOVA,R-07,MUELLE-D,CONTENEDORES,BUENOS AIRES,2022-04-26,07:47,2022-04-28,00:00,3274.43,16.2,15,DESPACHADO,40.21666666666667
MOV-01201,B-011,MSC-ALPHA,R-01,MUELLE-B,TRIGO,BUENOS AIRES,2021-01-18,15:10,2021-01-21,04:03,7531.65,13.8,10,RECHAZADO,60.88333333333333
MOV-01202,B-029,ONE-PLATA,R-05,MUELLE-B,GRANOS,SANTA FE,2020-10-06,08:25,2020-10-06,05:27,4783.15,14.4,12,DESPACHADO,
MOV-01203,B-031,MAERSK-PAMPAS,R-04,MUELLE-D,MAIZ,SAO PAULO,2022-08-18,21:52,1900-01-01,00:00,4244.02,15.0,15,DESPACHADO,
MOV-01204,B-028,MSC-GENOVA,R-03,MUELLE-E,ACEITE,ROTTERDAM,2022-05-08,06:22,2022-05-10,17:48,4813.3,12.2,15,RECHAZADO,59.43333333333333
MOV-01205,B-009,PIL-SANTA,R-06,MUELLE-E,HARINA,SANTA FE,2021-10-20,12:23,2021-10-21,00:00,6629.32,11.6,10,EN_REVISION,11.616666666666667
MOV-01206,B-036,EVERGREEN-02,R-03,MUELLE-C,SOJA,MONTEVIDEO,2023-02-02,09:26,2023-02-04,00:00,7652.99,9.5,15,PENDIENTE,38.56666666666667
MOV-01207,B-040,COSCO-TIGRE,R-08,MUELLE-C,GRANOS,MONTEVIDEO,2021-07-05,01:28,2021-07-05,18:43,5754.73,8.0,12,DESPACHADO,17.25
MOV-01208,B-025,ZIM-DELTA,R-06,MUELLE-B,HARINA,ROTTERDAM,2020-12-09,00:17,2020-12-09,12:59,4266.47,16.4,15,DESPACHADO,12.7
MOV-01209,B-033,EVER-GLORY,R-05,MUELLE-A,SOJA,HAMBURG,2021-05-17,06:53,2021-05-18,00:00,5728.37,6.9,10,DESPACHADO,17.116666666666667
MOV-01210,B-005,EVER-GLORY,R-04,MUELLE-D,MINERALES,ROTTERDAM,2021-05-06,13:21,2021-05-09,00:00,6948.5,10.1,12,RECHAZADO,58.65
MOV-01212,B-008,YANG-MING,R-05,MUELLE-E,MINERALES,ROTTERDAM,2021-08-08,17:15,2021-08-10,00:00,7199.03,16.4,12,PENDIENTE,30.75
MOV-01213,B-040,ONE-PARANA,R-08,MUELLE-D,SOJA,MONTEVIDEO,2024-04-18,17:38,2024-04-19,00:00,3573.08,10.9,15,EN_REVISION,6.366666666666666
MOV-01216,B-025,PIL-SANTA,R-06,MUELLE-D,ACEITE,MONTEVIDEO,2022-10-26,22:58,2022-10-28,00:00,4023.03,15.6,15,RECHAZADO,25.033333333333335
MOV-01217,B-027,MAERSK-PAMPAS,R-02,MUELLE-D,CONTENEDORES,VALPARAISO,2021-05-04,12:16,2021-05-06,08:33,3851.56,10.7,15,DESPACHADO,44.28333333333333
MOV-01218,B-005,PIL-OESTE,R-03,MUELLE-A,MAIZ,ROTTERDAM,2024-09-15,22:56,2024-09-18,00:00,6431.74,6.8,15,RECHAZADO,49.06666666666667
MOV-01221,B-034,HAPAG-RIO,R-08,MUELLE-C,CONTENEDORES,SAO PAULO,2024-09-14,13:05,2024-09-15,00:00,6342.69,15.5,12,EN_REVISION,10.916666666666666
MOV-01222,B-005,MAERSK-LIMA,R-02,MUELLE-F,MAIZ,BUENOS AIRES,2023-07-29,12:27,2023-07-31,06:18,3376.9,12.4,10,RECHAZADO,41.85
MOV-01223,B-039,PIL-SANTA,R-01,MUELLE-B,MINERALES,SHANGHAI,2024-02-29,03:42,2024-03-01,06:56,3969.48,15.8,15,PENDIENTE,27.233333333333334
MOV-01224,B-005,CMA-ROSARIO,R-07,MUELLE-C,MAIZ,VALPARAISO,2021-12-29,05:51,1900-01-01,00:00,5460.22,8.1,15,EN_REVISION,
MOV-01225,B-011,CMA-ROSARIO,R-07,MUELLE-A,ACEITE,VALPARAISO,2021-09-16,17:54,2021-09-18,06:38,7311.81,7.2,15,,36.733333333333334
MOV-01226,B-003,PIL-OESTE,,MUELLE-F,ACEITE,SHANGHAI,2021-03-02,00:00,2021-03-04,17:41,4952.93,8.4,10,RECHAZADO,65.68333333333334
MOV-01227,B-029,CMA-ROSARIO,R-01,MUELLE-F,MAIZ,SANTA FE,2023-01-29,03:04,2023-01-30,22:31,6694.52,9.9,15,PENDIENTE,43.45
MOV-01228,B-030,MAERSK-LIMA,R-01,MUELLE-C,CONTENEDORES,SHANGHAI,2023-04-21,13:31,2023-04-24,00:00,5784.03,6.6,10,RECHAZADO,58.483333333333334
MOV-01230,B-038,EVER-GLORY,R-01,MUELLE-D,TRIGO,SHANGHAI,2021-04-19,20:19,2021-04-22,00:00,2907.23,16.2,15,,51.68333333333333
MOV-01233,B-037,ONE-PARANA,R-08,MUELLE-F,GRANOS,MONTEVIDEO,2024-12-02,00:30,2024-12-02,00:00,5011.86,9.8,10,RECHAZADO,
MOV-01234,B-036,ZIMNORTE,R-03,MUELLE-A,TRIGO,SANTA FE,2021-10-16,14:17,2021-10-16,00:00,1648.22,10.4,12,PENDIENTE,
MOV-01235,B-022,CMA-LITORAL,R-02,MUELLE-B,CONTENEDORES,VALPARAISO,2020-07-13,22:47,2020-07-15,00:00,4081.36,12.3,12,RECHAZADO,25.216666666666665
MOV-01237,B-004,HAPAG-RIO,R-08,MUELLE-C,CONTENEDORES,SANTA FE,2021-12-05,12:12,2021-12-06,05:54,5892.0,10.8,15,PENDIENTE,17.7
MOV-01238,B-013,ZIM-NORTE,R-01,MUELLE-F,TRIGO,MONTEVIDEO,2022-08-08,02:24,2022-08-08,00:00,6965.98,11.9,10,EN_REVISION,
MOV-01240,B-033,EVERGREEN-02,R-05,MUELLE-C,ACEITE,VALPARAISO,2023-01-08,00:00,2023-01-10,00:00,5914.75,8.6,12,DESPACHADO,48.0
MOV-01242,B-034,YANG-ESTE,R-05,MUELLE-D,MINERALES,SAO PAULO,2020-02-03,17:18,2020-02-05,00:00,5304.84,14.9,10,RECHAZADO,30.7
MOV-01243,B-028,ZIM-DELTA,R-05,MUELLE-F,TRIGO,SANTA FE,2020-07-19,12:26,2020-07-20,13:29,5398.75,11.6,15,PENDIENTE,25.05
MOV-01244,B-007,MSC-GENOVA,R-05,MUELLE-E,CONTENEDORES,BUENOS AIRES,2024-03-10,00:00,2024-03-10,20:22,2474.46,17.7,12,DESPACHADO,20.366666666666667
MOV-01245,B-005,MSC-GENOVA,,MUELLE-D,MINERALES,VALPARAISO,2024-10-03,04:58,2024-10-03,00:00,7432.37,11.5,10,EN_REVISION,
MOV-01246,B-034,EVERGREEN-02,R-01,MUELLE-B,TRIGO,SANTA FE,2022-06-07,14:06,2022-06-09,16:01,3715.55,8.2,12,EN_REVISION,49.916666666666664
MOV-01247,B-012,HAPAG-RIO,R-01,MUELLE-B,SOJA,SHANGHAI,2021-12-26,04:07,2021-12-28,00:24,6524.13,13.2,15,PENDIENTE,44.28333333333333
MOV-01248,B-016,EVER-GLORY,R-04,MUELLE-F,MAIZ,SHANGHAI,2023-05-14,12:52,2023-05-15,00:00,4962.79,10.2,12,DESPACHADO,11.133333333333333
MOV-01249,B-023,ONE-PLATA,R-01,MUELLE-B,TRIGO,SANTA FE,2023-02-13,00:00,2023-02-15,08:13,3586.96,7.7,12,RECHAZADO,56.21666666666667
MOV-01250,B-007,EVER-GLORY,R-01,MUELLE-D,HARINA,VALPARAISO,2020-08-07,22:04,1900-01-01,23:16,3192.67,12.8,15,EN_REVISION,
MOV-01251,B-025,COSCO-TIGRE,R-07,MUELLE-A,MINERALES,MONTEVIDEO,2024-10-09,15:16,2024-10-10,23:20,3475.79,15.0,12,PENDIENTE,32.06666666666667
MOV-01252,B-002,CMA-ROSARIO,R-07,MUELLE-E,ACEITE,HAMBURG,2022-05-07,17:18,2022-05-08,09:04,3714.01,15.3,12,RECHAZADO,15.766666666666667
MOV-01253,B-015,MSC-GENOVA,R-04,MUELLE-E,ACEITE,SAO PAULO,2020-03-26,16:41,2020-03-29,00:00,6222.65,15.5,12,EN_REVISION,55.31666666666667
MOV-01254,B-029,CMA-LITORAL,R-01,MUELLE-C,GRANOS,ROTTERDAM,2024-08-12,12:55,2024-08-14,23:40,3405.63,11.1,12,RECHAZADO,58.75
MOV-01255,B-002,YANG-MING,R-02,MUELLE-F,MINERALES,SHANGHAI,2020-03-05,15:54,2020-03-06,05:53,4314.82,10.3,10,RECHAZADO,13.983333333333333
MOV-01256,B-017,ZIM-NORTE,R-06,MUELLE-D,CONTENEDORES,HAMBURG,2023-11-22,05:35,2023-11-22,00:00,6102.63,10.9,12,DESPACHADO,
MOV-01258,B-018,EVER-GLORY,R-08,MUELLE-C,CONTENEDORES,SANTA FE,2020-04-14,23:27,2020-04-16,00:00,5173.12,17.9,10,PENDIENTE,24.55
MOV-01259,B-032,PIL-OESTE,R-03,MUELLE-C,SOJA,HAMBURG,2021-07-18,14:46,2021-07-20,00:00,5469.75,9.2,12,PENDIENTE,33.233333333333334
MOV-01260,B-028,HAPAG-SUR,R-08,MUELLE-A,ACEITE,SAO PAULO,2021-08-15,07:44,2021-08-15,16:38,6703.99,12.1,12,RECHAZADO,8.9
MOV-01261,B-037,CMA-LITORAL,R-02,MUELLE-D,CONTENEDORES,SAO PAULO,2020-12-31,22:29,2021-01-01,00:00,7435.32,12.4,12,EN_REVISION,1.5166666666666666
MOV-01263,B-017,MSC-GENOVA,R-08,MUELLE-B,SOJA,MONTEVIDEO,2022-06-03,12:28,2022-06-05,00:00,5477.84,7.7,15,PENDIENTE,35.53333333333333
MOV-01266,B-024,COSCO-STAR,R-04,MUELLE-D,HARINA,SHANGHAI,2024-07-01,06:17,2024-07-02,23:47,8049.93,15.4,12,PENDIENTE,41.5
MOV-01267,B-022,ZIM-DELTA,R-03,MUELLE-B,MAIZ,VALPARAISO,2020-01-05,03:17,2020-01-08,07:43,6748.66,13.1,10,RECHAZADO,76.43333333333334
MOV-01268,B-008,CMA-ROSARIO,R-07,MUELLE-E,SOJA,HAMBURG,2021-10-24,00:00,2021-10-24,22:25,5202.71,12.0,10,PENDIENTE,22.416666666666668
MOV-01270,B-011,EVER-GLORY,,MUELLE-C,HARINA,SHANGHAI,2020-10-31,00:15,2020-11-01,10:58,5683.06,9.6,15,DESPACHADO,34.71666666666667
MOV-01271,B-004,YANG-MING,R-04,MUELLE-E,CONTENEDORES,VALPARAISO,2022-02-28,00:00,2022-03-02,06:23,4104.72,13.7,15,DESPACHADO,54.38333333333333
MOV-01272,B-024,HAPAG-SUR,R-05,MUELLE-C,CONTENEDORES,BUENOS AIRES,2023-03-26,07:19,2023-03-26,21:52,4101.66,6.5,10,DESPACHADO,14.55
MOV-01274,B-033,MSC-GENOVA,R-02,MUELLE-D,MINERALES,BUENOS AIRES,2024-11-11,00:08,2024-11-13,00:00,3642.69,13.9,12,DESPACHADO,47.86666666666667
MOV-01275,B-028,CMA-LITORAL,R-01,MUELLE-D,CONTENEDORES,HAMBURG,2024-03-18,01:45,2024-03-18,00:00,3300.09,12.8,10,EN_REVISION,
MOV-01276,B-019,CMA-ROSARIO,R-03,MUELLE-C,TRIGO,SAO PAULO,2022-09-03,14:49,2022-09-04,00:00,5418.76,13.2,12,PENDIENTE,9.183333333333334
MOV-01277,B-038,COSCO-TIGRE,R-08,MUELLE-E,HARINA,MONTEVIDEO,2022-08-04,10:57,2022-08-05,00:00,5109.09,6.7,12,DESPACHADO,13.05
MOV-01278,B-027,COSCO-STAR,R-07,MUELLE-F,MINERALES,VALPARAISO,2022-12-11,21:50,2022-12-12,10:35,4968.34,8.7,12,RECHAZADO,12.75
MOV-01279,B-022,CMA-LITORAL,R-03,MUELLE-B,ACEITE,SANTA FE,2022-09-25,18:27,2022-09-26,00:00,4020.98,9.7,12,DESPACHADO,5.55
MOV-01281,B-023,ONE-PLATA,R-08,MUELLE-B,HARINA,MONTEVIDEO,2021-08-23,23:44,2021-08-26,18:20,3214.15,12.5,15,PENDIENTE,66.6
MOV-01282,B-021,ZIM-DELTA,R-07,MUELLE-D,ACEITE,HAMBURG,2024-05-30,00:00,2024-06-01,00:00,4170.24,12.0,15,RECHAZADO,48.0
MOV-01283,B-037,YANG-ESTE,R-01,MUELLE-D,HARINA,ROTTERDAM,2024-04-11,15:53,2024-04-13,19:29,7540.36,6.6,15,RECHAZADO,51.6
MOV-01284,B-037,EVERGREEN-02,R-03,MUELLE-C,ACEITE,HAMBURG,2022-08-29,17:48,2022-08-30,00:29,3947.99,12.2,10,RECHAZADO,6.683333333333334
MOV-01285,B-014,COSCO-TIGRE,R-04,MUELLE-A,CONTENEDORES,MONTEVIDEO,2021-04-01,18:55,2021-04-02,00:00,4067.31,16.0,12,RECHAZADO,5.083333333333333
MOV-01286,B-030,EVER-GLORY,R-05,MUELLE-E,SOJA,BUENOS AIRES,2024-11-24,22:46,2024-11-27,00:00,4934.73,9.2,10,PENDIENTE,49.233333333333334
MOV-01287,B-038,EVER-GLORY,R-08,MUELLE-A,MAIZ,ROTTERDAM,2024-08-10,15:00,2024-08-11,00:00,4143.27,16.2,10,DESPACHADO,9.0
MOV-01288,B-006,CMA-ROSARIO,R-02,MUELLE-E,HARINA,MONTEVIDEO,2024-03-21,02:30,2024-03-23,00:00,6478.92,13.5,12,EN_REVISION,45.5
MOV-01290,B-004,ONE-PLATA,R-01,MUELLE-E,MINERALES,SHANGHAI,2024-03-16,00:00,1900-01-01,00:00,4861.21,6.5,12,RECHAZADO,
MOV-01291,B-028,COSCO-TIGRE,R-04,MUELLE-D,HARINA,ROTTERDAM,2024-07-31,14:28,2024-08-02,11:11,5041.17,14.1,12,EN_REVISION,44.71666666666667
MOV-01292,B-032,ZIM-DELTA,R-05,MUELLE-C,GRANOS,SHANGHAI,2023-07-21,00:16,2023-07-23,21:28,5743.41,13.6,12,PENDIENTE,69.2
MOV-01293,B-039,ZIM-NORTE,R-02,MUELLE-D,HARINA,HAMBURG,2022-06-22,20:33,2022-06-25,09:23,4124.27,13.8,15,PENDIENTE,60.833333333333336
MOV-01294,B-028,ZIM-DELTA,R-06,MUELLE-B,ACEITE,HAMBURG,2022-06-17,20:10,2022-06-18,14:50,3634.65,12.5,10,EN_REVISION,18.666666666666668
MOV-01295,B-009,HAPAG-RIO,R-01,MUELLE-F,GRANOS,SANTA FE,2024-02-23,03:28,2024-02-24,00:00,4107.84,10.6,12,EN_REVISION,20.533333333333335
MOV-01296,B-004,MAERSK-PAMPAS,R-06,MUELLE-B,TRIGO,SHANGHAI,2021-10-04,18:42,2021-10-05,00:00,5822.53,10.0,12,PENDIENTE,5.3
MOV-01298,B-040,MSC-GENOVA,R-02,MUELLE-A,MINERALES,SAO PAULO,2020-10-29,14:33,2020-10-30,17:11,4749.33,10.4,12,PENDIENTE,26.633333333333333
MOV-01302,B-001,YANGMING,R-01,MUELLE-B,ACEITE,BUENOS AIRES,2022-12-18,14:09,2022-12-19,00:00,3167.24,7.2,12,DESPACHADO,9.85
MOV-01303,B-008,COSCO-TIGRE,R-07,MUELLE-A,SOJA,ROTTERDAM,1900-01-01,13:05,2022-02-23,01:25,6461.45,14.2,15,DESPACHADO,
MOV-01305,B-019,HAPAG-RIO,R-05,MUELLE-C,CONTENEDORES,ROTTERDAM,2024-02-03,01:16,1900-01-01,14:39,4847.31,11.3,10,PENDIENTE,
MOV-01306,B-004,PIL-OESTE,R-08,MUELLE-B,SOJA,HAMBURG,2024-12-22,12:26,2024-12-25,19:36,6352.31,11.0,10,DESPACHADO,79.16666666666667
MOV-01307,B-010,EVERGREEN-02,R-04,MUELLE-D,SOJA,MONTEVIDEO,2020-12-18,05:50,2020-12-20,00:00,3843.41,14.0,12,RECHAZADO,42.166666666666664
MOV-01308,B-028,EVER-GLORY,R-05,MUELLE-B,CONTENEDORES,BUENOS AIRES,2020-06-28,13:21,2020-06-28,00:00,6039.22,7.6,12,EN_REVISION,
MOV-01310,B-008,ONE-PARANA,R-06,MUELLE-B,HARINA,MONTEVIDEO,2021-02-08,04:52,2021-02-10,00:00,4284.81,14.4,15,EN_REVISION,43.13333333333333
MOV-01311,B-035,ONE-PLATA,R-01,MUELLE-E,HARINA,MONTEVIDEO,2022-03-12,06:13,2022-03-14,19:57,3745.66,13.3,10,DESPACHADO,61.733333333333334
MOV-01312,B-028,YANG-ESTE,R-06,MUELLE-E,SOJA,VALPARAISO,2022-07-26,09:37,2022-07-27,03:46,3731.04,11.2,15,,18.15
MOV-01313,B-022,ZIM-DELTA,R-07,MUELLE-F,CONTENEDORES,HAMBURG,2022-03-23,03:57,2022-03-24,00:46,5025.36,11.2,10,PENDIENTE,20.816666666666666
MOV-01314,B-035,MSC-GENOVA,R-03,MUELLE-B,CONTENEDORES,MONTEVIDEO,2022-10-22,16:53,2022-10-24,02:27,6649.09,7.5,10,,33.56666666666667
MOV-01315,B-027,HAPAG-RIO,R-04,MUELLE-F,CONTENEDORES,SHANGHAI,2022-04-20,20:11,2022-04-21,17:33,4917.67,12.8,10,DESPACHADO,21.366666666666667
MOV-01316,B-027,CMA-ROSARIO,R-02,MUELLE-A,HARINA,SANTA FE,2024-12-27,18:31,2024-12-28,00:00,4391.72,15.1,15,DESPACHADO,5.483333333333333
MOV-01317,B-011,MAERSK-LIMA,R-05,MUELLE-A,MINERALES,SAO PAULO,2022-07-17,02:59,1900-01-01,00:00,5397.9,11.9,15,RECHAZADO,
MOV-01318,B-033,MSC-ALPHA,R-08,MUELLE-E,MAIZ,BUENOS AIRES,2024-12-27,10:11,2024-12-28,04:06,5424.68,13.9,10,PENDIENTE,17.916666666666668
MOV-01321,B-014,MSC-ALPHA,R-03,MUELLE-A,CONTENEDORES,MONTEVIDEO,2023-03-07,06:04,2023-03-09,01:53,5430.5,9.3,15,PENDIENTE,43.81666666666667
MOV-01322,B-017,EVER-GLORY,R-06,MUELLE-A,ACEITE,SANTA FE,2024-09-19,10:26,2024-09-21,02:15,3459.28,9.3,10,DESPACHADO,39.81666666666667
MOV-01323,B-025,HAPAG-SUR,R-02,MUELLE-A,CONTENEDORES,ROTTERDAM,2023-04-05,05:12,2023-04-07,22:42,4988.14,11.4,12,EN_REVISION,65.5
MOV-01324,B-026,MAERSK-LIMA,R-06,MUELLE-E,MINERALES,BUENOS AIRES,2020-07-21,15:06,2020-07-23,00:00,5611.39,8.5,10,RECHAZADO,32.9
MOV-01325,B-017,COSCO-STAR,R-01,MUELLE-F,CONTENEDORES,ROTTERDAM,1900-01-01,17:22,2020-04-22,01:35,3935.12,18.7,15,EN_REVISION,
MOV-01326,B-006,ONE-PLATA,R-02,MUELLE-D,MAIZ,SANTA FE,2022-01-02,13:16,2022-01-02,03:38,6319.53,11.3,12,PENDIENTE,
MOV-01327,B-018,ONE-PARANA,R-05,MUELLE-F,MAIZ,VALPARAISO,2021-10-11,09:42,2021-10-13,08:41,5473.1,10.0,12,DESPACHADO,46.983333333333334
MOV-01328,B-039,EVERGREEN-02,R-02,MUELLE-F,ACEITE,MONTEVIDEO,2021-10-14,04:04,2021-10-16,21:56,4666.58,16.5,12,PENDIENTE,65.86666666666666
MOV-01331,B-026,ZIM-NORTE,R-08,MUELLE-C,GRANOS,SHANGHAI,2021-12-26,01:38,2021-12-28,11:52,4017.97,10.9,15,PENDIENTE,58.233333333333334
MOV-01334,B-005,YANG-ESTE,R-05,MUELLE-B,ACEITE,SANTA FE,2021-04-08,20:51,2021-04-09,00:00,5648.53,12.0,12,EN_REVISION,3.15
MOV-01335,B-007,MAERSK-PAMPAS,R-02,MUELLE-B,MAIZ,BUENOS AIRES,1900-01-01,07:41,2020-05-31,13:53,4761.06,13.3,15,PENDIENTE,
MOV-01336,B-012,ZIM-DELTA,R-03,MUELLE-A,MINERALES,SAO PAULO,2020-05-01,23:36,2020-05-03,20:21,6799.9,8.1,12,EN_REVISION,44.75
MOV-01337,B-004,ONE-PLATA,R-01,MUELLE-E,TRIGO,HAMBURG,2022-07-08,17:19,2022-07-10,00:00,3831.95,15.0,10,DESPACHADO,30.683333333333334
MOV-01338,B-011,YANG-MING,R-06,MUELLE-C,HARINA,SANTA FE,2020-02-01,10:58,2020-02-02,10:33,6537.79,7.1,10,RECHAZADO,23.583333333333332
MOV-01340,B-005,MAERSK-PAMPAS,R-02,MUELLE-A,ACEITE,SHANGHAI,2024-01-27,00:00,2024-01-28,00:00,5887.88,12.4,10,PENDIENTE,24.0
MOV-01341,B-034,CMA-ROSARIO,R-01,MUELLE-D,MAIZ,BUENOS AIRES,2021-09-03,04:19,2021-09-05,19:54,5391.97,14.2,15,RECHAZADO,63.583333333333336
MOV-01342,B-009,MSC-GENOVA,R-08,MUELLE-B,GRANOS,SHANGHAI,2020-02-16,07:20,2020-02-18,00:00,3316.04,10.7,15,RECHAZADO,40.666666666666664
MOV-01344,B-006,YANG-MING,R-01,MUELLE-C,GRANOS,ROTTERDAM,2024-05-23,08:27,1900-01-01,04:04,5461.1,12.1,12,RECHAZADO,
MOV-01345,B-027,MSC-GENOVA,R-05,MUELLE-E,MAIZ,VALPARAISO,2020-05-03,02:12,2020-05-06,07:39,4067.68,13.2,12,RECHAZADO,77.45
MOV-01346,B-020,ZIM-DELTA,R-02,MUELLE-C,GRANOS,HAMBURG,2022-06-05,21:17,2022-06-08,00:00,5149.66,9.7,15,DESPACHADO,50.71666666666667
MOV-01347,B-024,YANG-MING,R-07,MUELLE-A,CONTENEDORES,VALPARAISO,2022-01-18,20:32,2022-01-19,05:04,4717.47,16.0,12,EN_REVISION,8.533333333333333
MOV-01348,B-011,PIL-OESTE,,MUELLE-F,ACEITE,BUENOS AIRES,2023-03-24,09:01,2023-03-24,21:48,5872.67,10.7,15,EN_REVISION,12.783333333333333
MOV-01349,B-031,COSCO-TIGRE,R-08,MUELLE-D,HARINA,HAMBURG,2021-07-15,04:22,2021-07-15,00:00,4650.64,12.3,10,PENDIENTE,
MOV-01350,B-025,PIL-SANTA,R-03,MUELLE-C,TRIGO,BUENOS AIRES,2022-12-23,11:26,2022-12-26,22:43,3549.72,13.6,10,RECHAZADO,83.28333333333333
MOV-01351,B-008,PIL-SANTA,R-01,MUELLE-C,MINERALES,HAMBURG,2020-02-07,22:05,2020-02-10,10:25,5757.79,14.1,15,DESPACHADO,60.333333333333336
MOV-01352,B-023,MSC-ALPHA,R-06,MUELLE-F,MINERALES,ROTTERDAM,2021-07-10,00:00,2021-07-12,00:00,5552.86,17.5,15,RECHAZADO,48.0
MOV-01353,B-004,ZIM-NORTE,R-05,MUELLE-B,CONTENEDORES,ROTTERDAM,2023-01-11,00:50,2023-01-12,20:48,5261.3,18.8,15,DESPACHADO,43.96666666666667
MOV-01354,B-032,CMA-LITORAL,R-05,MUELLE-B,HARINA,HAMBURG,2023-04-15,03:24,2023-04-16,00:00,4133.17,13.2,10,DESPACHADO,20.6
MOV-01355,B-003,MSC-GENOVA,R-02,MUELLE-B,TRIGO,VALPARAISO,2021-09-05,07:11,2021-09-07,01:33,6833.61,17.6,12,DESPACHADO,42.36666666666667
MOV-01356,B-016,COSCO-STAR,R-02,MUELLE-E,MAIZ,HAMBURG,2021-12-15,03:05,2021-12-16,20:56,4779.89,18.6,15,DESPACHADO,41.85
MOV-01357,B-014,HAPAG-SUR,R-06,MUELLE-F,HARINA,MONTEVIDEO,2021-05-09,09:40,2021-05-11,00:00,3980.12,14.3,12,EN_REVISION,38.333333333333336
MOV-01358,B-040,YANG-ESTE,R-03,MUELLE-C,HARINA,SAO PAULO,2022-08-02,22:31,2022-08-04,00:00,6847.15,17.8,15,,25.483333333333334
MOV-01359,B-025,HAPAG-RIO,R-07,MUELLE-E,CONTENEDORES,SHANGHAI,2021-10-10,00:00,2021-10-11,05:43,5496.12,9.9,15,PENDIENTE,29.716666666666665
MOV-01360,B-024,CMA-LITORAL,R-02,MUELLE-C,CONTENEDORES,SAO PAULO,1900-01-01,06:57,2022-01-27,10:19,4798.75,13.1,10,EN_REVISION,
MOV-01361,B-006,CMA-LITORAL,R-06,MUELLE-D,GRANOS,HAMBURG,2023-12-05,14:13,2023-12-08,04:03,7876.07,12.3,15,PENDIENTE,61.833333333333336
MOV-01364,B-004,COSCO-TIGRE,,MUELLE-F,CONTENEDORES,BUENOS AIRES,2024-02-21,16:10,2024-02-24,00:00,4515.73,14.0,10,RECHAZADO,55.833333333333336
MOV-01365,B-036,COSCO-TIGRE,R-06,MUELLE-A,HARINA,VALPARAISO,2024-03-09,04:39,2024-03-10,00:00,5849.2,13.4,12,EN_REVISION,19.35
MOV-01366,B-029,EVER-GLORY,R-05,MUELLE-B,HARINA,BUENOS AIRES,2021-08-26,00:00,2021-08-26,16:15,4729.09,7.6,10,RECHAZADO,16.25
MOV-01367,B-004,MSC-ALPHA,R-05,MUELLE-A,MINERALES,BUENOS AIRES,2020-01-29,00:00,2020-01-31,00:00,7081.44,13.3,12,EN_REVISION,48.0
MOV-01368,B-032,CMA-ROSARIO,R-02,MUELLE-E,MAIZ,MONTEVIDEO,2021-02-24,00:40,2021-02-24,00:00,4267.79,17.7,12,PENDIENTE,
MOV-01369,B-038,PIL-SANTA,R-05,MUELLE-F,MINERALES,ROTTERDAM,2021-12-01,12:51,1900-01-01,00:00,6507.48,14.4,10,DESPACHADO,
MOV-01370,B-024,MSC-ALPHA,R-06,MUELLE-E,SOJA,SHANGHAI,2022-06-11,22:26,2022-06-12,13:18,3005.47,16.1,10,DESPACHADO,14.866666666666667
MOV-01373,B-021,ZIM-NORTE,R-04,MUELLE-A,HARINA,HAMBURG,2020-02-18,05:54,1900-01-01,00:00,6226.05,15.1,15,DESPACHADO,
MOV-01374,B-001,ZIM-NORTE,R-05,MUELLE-B,MINERALES,VALPARAISO,2021-10-28,00:28,2021-10-29,00:00,3937.2,14.4,15,DESPACHADO,23.533333333333335
MOV-01375,B-023,MSC-GENOVA,R-06,MUELLE-A,TRIGO,BUENOS AIRES,2020-07-08,09:06,2020-07-09,05:05,5227.7,12.4,15,EN_REVISION,19.983333333333334
MOV-01376,B-010,COSCO-TIGRE,R-05,MUELLE-D,TRIGO,HAMBURG,2022-01-27,05:54,2022-01-28,00:00,7713.55,13.8,15,PENDIENTE,18.1
MOV-01377,B-037,ZIM-DELTA,R-07,MUELLE-D,HARINA,SAO PAULO,2023-10-20,22:12,2023-10-21,03:37,4074.92,19.5,12,RECHAZADO,5.416666666666667
MOV-01379,B-016,ZIMNORTE,R-07,MUELLE-D,CONTENEDORES,VALPARAISO,2022-03-07,01:47,2022-03-08,00:00,6367.57,12.9,10,RECHAZADO,22.216666666666665
MOV-01380,B-003,PIL-OESTE,R-08,MUELLE-A,SOJA,MONTEVIDEO,2022-08-13,11:06,2022-08-16,00:00,4623.92,12.2,15,EN_REVISION,60.9
MOV-01381,B-025,MSC-GENOVA,,MUELLE-D,CONTENEDORES,BUENOS AIRES,2024-11-07,05:23,2024-11-08,00:00,4629.22,12.1,15,PENDIENTE,18.616666666666667
MOV-01382,B-034,ONE-PARANA,R-05,MUELLE-E,GRANOS,SHANGHAI,2023-02-02,18:02,2023-02-04,00:00,4931.29,15.7,12,EN_REVISION,29.966666666666665
MOV-01384,B-016,CMA-LITORAL,R-04,MUELLE-F,SOJA,VALPARAISO,2023-10-01,10:24,2023-10-02,00:00,5596.61,11.7,12,PENDIENTE,13.6
MOV-01385,B-029,ONE-PLATA,R-05,MUELLE-F,CONTENEDORES,VALPARAISO,2021-08-25,13:24,2021-08-26,16:25,5094.53,9.3,12,DESPACHADO,27.016666666666666
MOV-01386,B-030,HAPAG-RIO,R-03,MUELLE-F,CONTENEDORES,HAMBURG,2021-10-05,08:06,2021-10-06,00:00,6711.15,13.2,10,EN_REVISION,15.9
MOV-01388,B-003,PIL-OESTE,R-07,MUELLE-A,HARINA,SANTA FE,2022-03-14,11:53,2022-03-16,00:00,6617.19,12.2,12,DESPACHADO,36.11666666666667
MOV-01389,B-021,HAPAG-RIO,,MUELLE-C,MINERALES,SAO PAULO,2020-08-11,13:25,2020-08-13,06:36,1975.23,12.0,10,DESPACHADO,41.18333333333333
MOV-01390,B-002,MAERSK-PAMPAS,R-05,MUELLE-B,MAIZ,HAMBURG,2024-08-31,18:41,2024-09-02,00:00,5775.58,10.7,12,RECHAZADO,29.316666666666666
MOV-01392,B-032,CMA-LITORAL,R-05,MUELLE-C,HARINA,SAO PAULO,2023-12-09,09:22,2023-12-11,12:16,5524.92,3.9,15,PENDIENTE,50.9
MOV-01393,B-033,ONE-PARANA,R-05,MUELLE-A,GRANOS,ROTTERDAM,2020-02-14,01:38,2020-02-16,00:00,3522.63,8.2,10,RECHAZADO,46.36666666666667
MOV-01394,B-012,YANG-MING,,MUELLE-A,ACEITE,SHANGHAI,2024-04-19,16:47,2024-04-21,12:36,3568.57,10.5,12,RECHAZADO,43.81666666666667
MOV-01395,B-016,PIL-OESTE,R-06,MUELLE-E,HARINA,SAO PAULO,2021-07-05,10:39,2021-07-05,00:19,6364.49,10.5,15,EN_REVISION,
MOV-01396,B-038,ONE-PARANA,R-08,MUELLE-F,MINERALES,SANTA FE,2020-02-21,19:23,2020-02-22,00:00,7205.0,14.1,12,RECHAZADO,4.616666666666666
MOV-01397,B-032,EVER-GLORY,R-08,MUELLE-E,TRIGO,HAMBURG,2023-08-27,06:39,2023-08-29,11:39,3929.04,12.1,15,RECHAZADO,53.0
MOV-01398,B-010,YANG-ESTE,R-01,MUELLE-A,CONTENEDORES,SHANGHAI,2020-12-05,15:59,2020-12-07,19:12,4228.3,16.4,12,DESPACHADO,51.21666666666667
MOV-01400,B-004,MAERSK-PAMPAS,R-04,MUELLE-A,GRANOS,SHANGHAI,2023-05-09,06:10,2023-05-11,04:48,6727.77,8.3,12,PENDIENTE,46.63333333333333
MOV-01402,B-010,HAPAG-SUR,R-08,MUELLE-F,SOJA,SHANGHAI,2022-04-27,16:21,2022-04-27,00:00,5524.3,10.3,15,RECHAZADO,
MOV-01403,B-024,MAERSK-PAMPAS,R-07,MUELLE-A,CONTENEDORES,ROTTERDAM,2024-01-14,10:03,1900-01-01,00:00,4166.01,7.1,10,RECHAZADO,
MOV-01404,B-038,HAPAG-SUR,R-08,MUELLE-C,SOJA,SANTA FE,2020-02-13,23:09,2020-02-15,00:00,6452.97,12.1,15,EN_REVISION,24.85
MOV-01405,B-001,MSC-ALPHA,R-04,MUELLE-C,MAIZ,SANTA FE,2020-11-01,18:12,2020-11-02,00:00,4884.22,10.9,12,RECHAZADO,5.8
MOV-01406,B-037,HAPAG-SUR,R-08,MUELLE-E,CONTENEDORES,SAO PAULO,2022-06-26,01:36,2022-06-28,00:00,2238.59,7.3,12,DESPACHADO,46.4
MOV-01408,B-025,CMA-LITORAL,R-03,MUELLE-F,SOJA,BUENOS AIRES,2020-05-15,08:01,2020-05-18,07:22,3495.68,15.4,15,EN_REVISION,71.35
MOV-01409,B-014,MAERSKLIMA,R-06,MUELLE-E,CONTENEDORES,SAO PAULO,2020-08-29,20:53,2020-08-30,00:00,5505.5,11.9,10,RECHAZADO,3.1166666666666667
MOV-01410,B-022,MAERSK-LIMA,R-04,MUELLE-E,HARINA,MONTEVIDEO,2023-07-05,02:39,2023-07-06,01:59,2670.23,9.7,15,RECHAZADO,23.333333333333332
MOV-01411,B-025,MAERSK-LIMA,,MUELLE-D,MINERALES,MONTEVIDEO,2020-04-12,00:00,2020-04-14,06:08,5038.98,12.2,12,EN_REVISION,54.13333333333333
MOV-01412,B-005,ONE-PLATA,R-07,MUELLE-A,MINERALES,SHANGHAI,2023-06-04,09:40,2023-06-07,09:12,5301.28,13.6,12,RECHAZADO,71.53333333333333
MOV-01414,B-007,ONE-PARANA,R-06,MUELLE-C,TRIGO,MONTEVIDEO,2023-06-02,15:15,2023-06-03,00:00,4802.47,12.1,10,PENDIENTE,8.75
MOV-01415,B-001,HAPAG-SUR,R-04,MUELLE-B,ACEITE,SANTA FE,2021-10-29,10:46,2021-11-01,00:00,4184.85,13.1,15,,61.233333333333334
MOV-01417,B-019,CMA-LITORAL,R-08,MUELLE-C,CONTENEDORES,ROTTERDAM,2023-04-23,18:34,2023-04-26,00:00,4954.64,10.7,12,PENDIENTE,53.43333333333333
MOV-01418,B-040,COSCO-TIGRE,R-06,MUELLE-D,ACEITE,SAO PAULO,2021-11-11,03:10,1900-01-01,16:54,5311.39,9.1,12,RECHAZADO,
MOV-01419,B-036,COSCO-TIGRE,R-01,MUELLE-F,CONTENEDORES,SAO PAULO,2023-09-09,16:12,2023-09-12,14:59,4823.81,12.7,12,,70.78333333333333
MOV-01421,B-039,HAPAG-RIO,R-04,MUELLE-F,CONTENEDORES,SANTA FE,2022-11-05,20:21,2022-11-08,19:26,5232.14,9.0,10,PENDIENTE,71.08333333333333
MOV-01422,B-038,COSCO-STAR,R-01,MUELLE-C,TRIGO,VALPARAISO,2023-03-13,15:21,2023-03-15,07:43,6536.74,13.2,12,PENDIENTE,40.36666666666667
MOV-01425,B-018,COSCO-TIGRE,R-07,MUELLE-A,TRIGO,ROTTERDAM,2020-11-16,01:40,2020-11-17,00:00,6290.3,10.6,12,DESPACHADO,22.333333333333332
MOV-01426,B-003,YANG-MING,R-05,MUELLE-D,SOJA,HAMBURG,2020-06-01,23:21,2020-06-02,00:00,7481.3,13.4,15,PENDIENTE,0.65
MOV-01427,B-027,MAERSK-PAMPAS,R-06,MUELLE-B,TRIGO,SANTA FE,2022-01-11,00:00,2022-01-12,06:43,5241.06,9.9,15,PENDIENTE,30.716666666666665
MOV-01429,B-038,HAPAG-RIO,,MUELLE-D,MINERALES,SHANGHAI,2023-08-19,05:42,2023-08-20,00:00,4898.15,13.3,12,DESPACHADO,18.3
MOV-01430,B-036,HAPAG-SUR,,MUELLE-A,TRIGO,ROTTERDAM,2020-06-30,08:18,2020-07-01,00:00,5195.76,15.4,12,EN_REVISION,15.7
MOV-01431,B-028,PIL-OESTE,R-06,MUELLE-C,MINERALES,SAO PAULO,2024-07-19,00:00,2024-07-20,00:00,2614.34,15.1,10,,24.0
MOV-01432,B-019,MAERSK-LIMA,R-08,MUELLE-A,CONTENEDORES,SANTA FE,2021-02-18,00:00,2021-02-19,00:00,5338.65,13.6,12,PENDIENTE,24.0
MOV-01433,B-036,HAPAG-RIO,R-02,MUELLE-D,TRIGO,SAO PAULO,2023-06-20,20:57,2023-06-21,10:45,5053.27,7.9,12,PENDIENTE,13.8
MOV-01434,B-031,COSCO-TIGRE,R-05,MUELLE-D,ACEITE,ROTTERDAM,2021-12-23,01:47,2021-12-23,08:55,4817.34,12.8,12,PENDIENTE,7.133333333333334
MOV-01437,B-018,MSC-GENOVA,R-07,MUELLE-E,SOJA,VALPARAISO,2021-02-28,17:41,2021-03-02,18:39,2856.22,11.7,12,PENDIENTE,48.96666666666667
MOV-01438,B-015,HAPAG-SUR,,MUELLE-B,SOJA,SANTA FE,2024-07-08,03:59,2024-07-09,07:21,3282.63,14.8,15,EN_REVISION,27.366666666666667
MOV-01439,B-006,PIL-OESTE,R-02,MUELLE-D,GRANOS,MONTEVIDEO,2021-05-07,14:16,2021-05-08,21:50,5345.62,14.0,15,EN_REVISION,31.566666666666666
MOV-01440,B-025,HAPAG-RIO,R-01,MUELLE-D,TRIGO,VALPARAISO,2024-02-10,11:19,2024-02-11,00:00,2573.52,10.5,10,,12.683333333333334
MOV-01441,B-035,ONE-PLATA,R-05,MUELLE-B,TRIGO,SANTA FE,2022-11-04,23:56,2022-11-05,14:31,4468.47,16.3,12,DESPACHADO,14.583333333333334
MOV-01443,B-018,PIL-OESTE,R-02,MUELLE-F,SOJA,ROTTERDAM,2024-01-25,15:12,2024-01-27,05:34,4080.88,12.1,10,EN_REVISION,38.36666666666667
MOV-01445,B-035,COSCO-STAR,R-03,MUELLE-E,TRIGO,HAMBURG,2023-03-07,07:48,2023-03-07,00:00,3799.74,9.8,15,PENDIENTE,
MOV-01446,B-003,CMA-LITORAL,R-03,MUELLE-F,HARINA,ROTTERDAM,2024-06-25,00:00,2024-06-26,00:00,5322.93,11.0,12,DESPACHADO,24.0
MOV-01447,B-011,EVER-GLORY,R-04,MUELLE-D,MAIZ,VALPARAISO,2021-03-14,14:34,2021-03-17,00:00,4620.13,14.5,10,RECHAZADO,57.43333333333333
MOV-01448,B-028,EVERGREEN-02,R-08,MUELLE-C,SOJA,ROTTERDAM,2022-04-08,22:15,2022-04-10,09:10,3139.02,6.0,12,EN_REVISION,34.916666666666664
MOV-01449,B-035,ONE-PLATA,R-04,MUELLE-D,HARINA,VALPARAISO,1900-01-01,09:08,2020-03-18,00:00,5613.01,15.9,12,,
MOV-01451,B-033,ONE-PARANA,R-04,MUELLE-F,SOJA,SAO PAULO,2022-08-22,11:37,2022-08-24,19:20,4779.22,11.5,15,PENDIENTE,55.71666666666667
MOV-01452,B-026,EVER-GLORY,R-06,MUELLE-C,MINERALES,SAO PAULO,2024-05-14,00:47,2024-05-16,00:00,6167.88,14.6,10,EN_REVISION,47.21666666666667
MOV-01453,B-006,YANG-MING,R-04,MUELLE-B,CONTENEDORES,HAMBURG,2021-06-22,00:00,2021-06-22,00:00,2754.79,13.5,12,EN_REVISION,0.0
MOV-01454,B-008,ONE-PLATA,R-08,MUELLE-C,GRANOS,VALPARAISO,2021-04-01,09:33,2021-04-03,02:07,4941.82,12.6,12,DESPACHADO,40.56666666666667
MOV-01455,B-005,HAPAG-RIO,R-02,MUELLE-B,HARINA,SHANGHAI,2020-03-03,01:30,2020-03-04,20:08,5802.33,8.4,15,EN_REVISION,42.63333333333333
MOV-01457,B-011,ZIM-NORTE,R-05,MUELLE-C,TRIGO,MONTEVIDEO,2021-07-25,03:15,2021-07-27,09:39,5702.9,9.2,15,RECHAZADO,54.4
MOV-01458,B-003,YANG-ESTE,R-05,MUELLE-E,GRANOS,VALPARAISO,2020-04-19,14:08,2020-04-21,03:04,4936.57,14.4,12,EN_REVISION,36.93333333333333
MOV-01459,B-001,ZIM-DELTA,R-08,MUELLE-E,MAIZ,SANTA FE,2023-06-01,00:00,2023-06-02,13:22,4427.16,15.4,15,PENDIENTE,37.36666666666667
MOV-01461,B-026,EVERGREEN-02,R-05,MUELLE-E,MINERALES,HAMBURG,2021-07-04,07:52,2021-07-05,04:42,5148.54,9.9,12,DESPACHADO,20.833333333333332
MOV-01462,B-038,HAPAG-RIO,R-01,MUELLE-C,TRIGO,ROTTERDAM,1900-01-01,13:39,2022-12-12,02:07,6676.63,12.7,12,EN_REVISION,
MOV-01463,B-030,MAERSK-PAMPAS,R-07,MUELLE-A,MAIZ,HAMBURG,2024-03-01,06:51,2024-03-02,10:09,5760.03,7.5,15,RECHAZADO,27.3
MOV-01464,B-024,EVER-GLORY,R-07,MUELLE-C,SOJA,SANTA FE,2023-08-25,15:56,2023-08-27,15:10,5907.16,13.2,15,PENDIENTE,47.233333333333334
MOV-01465,B-030,HAPAG-RIO,R-07,MUELLE-C,HARINA,SANTA FE,2023-06-18,05:45,2023-06-21,00:00,7004.1,6.8,15,DESPACHADO,66.25
MOV-01466,B-001,HAPAG-SUR,R-02,MUELLE-B,HARINA,HAMBURG,2024-05-05,01:29,1900-01-01,22:43,5513.96,10.2,12,,
MOV-01468,B-004,HAPAG-SUR,R-08,MUELLE-B,GRANOS,SHANGHAI,2024-04-03,00:00,2024-04-04,00:00,2967.84,9.1,10,PENDIENTE,24.0
MOV-01469,B-029,ZIM-NORTE,R-04,MUELLE-B,TRIGO,VALPARAISO,2020-06-11,17:32,2020-06-14,13:51,6419.97,13.7,12,PENDIENTE,68.31666666666666
MOV-01470,B-039,ZIM-NORTE,,MUELLE-C,HARINA,ROTTERDAM,2024-11-14,13:10,2024-11-16,00:00,5996.14,7.6,12,DESPACHADO,34.833333333333336
MOV-01471,B-009,EVER-GLORY,R-05,MUELLE-D,GRANOS,HAMBURG,2024-08-18,08:58,2024-08-21,00:00,5064.05,12.6,12,,63.03333333333333
MOV-01472,B-005,HAPAG-RIO,R-01,MUELLE-B,CONTENEDORES,HAMBURG,2024-02-14,12:39,2024-02-16,20:46,2552.17,6.9,10,,56.11666666666667
MOV-01473,B-016,MAERSK-LIMA,R-04,MUELLE-A,GRANOS,BUENOS AIRES,2020-12-31,02:21,2021-01-01,02:47,7107.14,14.9,10,RECHAZADO,24.433333333333334
MOV-01474,B-009,ONE-PARANA,R-03,MUELLE-C,CONTENEDORES,VALPARAISO,2024-06-07,12:03,2024-06-09,20:55,4669.75,12.1,10,EN_REVISION,56.86666666666667
MOV-01475,B-003,MAERSK-LIMA,R-02,MUELLE-D,GRANOS,SHANGHAI,2022-05-27,23:21,2022-05-30,14:33,4770.51,16.2,15,RECHAZADO,63.2
MOV-01476,B-040,YANGESTE,R-04,MUELLE-F,MINERALES,VALPARAISO,2023-01-06,00:18,2023-01-07,08:26,4668.95,13.9,10,RECHAZADO,32.13333333333333
MOV-01477,B-040,MAERSK-PAMPAS,R-05,MUELLE-F,SOJA,ROTTERDAM,2022-08-22,04:52,2022-08-23,00:00,3921.24,11.5,10,PENDIENTE,19.133333333333333
MOV-01479,B-015,EVERGREEN-02,R-03,MUELLE-A,ACEITE,MONTEVIDEO,2020-08-22,02:00,2020-08-24,10:27,2759.35,12.6,12,RECHAZADO,56.45
MOV-01481,B-023,EVER-GLORY,R-08,MUELLE-F,SOJA,SHANGHAI,2023-09-28,20:47,2023-09-30,00:00,2898.93,7.0,15,DESPACHADO,27.216666666666665
MOV-01482,B-019,COSCO-STAR,R-07,MUELLE-B,GRANOS,ROTTERDAM,2021-10-19,23:44,2021-10-22,12:31,3051.23,10.5,10,PENDIENTE,60.78333333333333
MOV-01483,B-034,HAPAG-SUR,R-08,MUELLE-E,TRIGO,VALPARAISO,2020-07-11,22:27,2020-07-14,00:00,6585.96,17.1,12,RECHAZADO,49.55
MOV-01484,B-022,MAERSK-LIMA,R-07,MUELLE-F,MAIZ,SANTA FE,2022-02-12,04:28,2022-02-14,07:03,4149.47,15.0,10,EN_REVISION,50.583333333333336
MOV-01486,B-022,ONE-PLATA,R-01,MUELLE-D,CONTENEDORES,ROTTERDAM,2021-04-07,17:42,2021-04-09,23:42,3585.2,11.2,10,EN_REVISION,54.0
MOV-01487,B-001,ONE-PARANA,R-06,MUELLE-B,HARINA,BUENOS AIRES,2022-04-14,03:51,2022-04-15,16:29,2995.13,14.6,12,RECHAZADO,36.63333333333333
MOV-01490,B-002,MAERSK-LIMA,R-01,MUELLE-A,TRIGO,SANTA FE,2020-11-10,17:25,2020-11-13,00:00,4609.65,13.7,15,DESPACHADO,54.583333333333336
MOV-01491,B-038,CMA-LITORAL,R-07,MUELLE-F,CONTENEDORES,MONTEVIDEO,2020-05-18,18:35,2020-05-19,14:44,4696.98,12.8,15,DESPACHADO,20.15
MOV-01492,B-025,ONE-PARANA,,MUELLE-F,HARINA,SHANGHAI,2024-04-28,23:14,2024-04-30,00:00,4693.24,11.4,10,EN_REVISION,24.766666666666666
MOV-01493,B-032,EVERGREEN-02,R-04,MUELLE-A,MAIZ,ROTTERDAM,2024-04-01,01:50,2024-04-02,12:00,4781.9,15.9,15,DESPACHADO,34.166666666666664
MOV-01495,B-032,YANG-MING,R-04,MUELLE-F,ACEITE,HAMBURG,2020-09-20,10:22,2020-09-22,00:00,4308.47,8.0,15,EN_REVISION,37.63333333333333
MOV-01496,B-019,HAPAG-SUR,R-01,MUELLE-A,MAIZ,SHANGHAI,2022-07-07,04:19,2022-07-08,23:19,4692.6,11.6,15,DESPACHADO,43.0
MOV-01497,B-035,YANG-ESTE,R-01,MUELLE-E,SOJA,SANTA FE,2021-06-30,20:29,2021-07-02,00:00,4523.07,6.5,10,DESPACHADO,27.516666666666666
MOV-01498,B-012,ONE-PLATA,R-08,MUELLE-D,ACEITE,HAMBURG,2022-11-08,13:35,2022-11-10,00:00,4845.04,9.3,12,EN_REVISION,34.416666666666664
MOV-01499,B-026,PIL-SANTA,R-06,MUELLE-B,TRIGO,VALPARAISO,2021-06-27,20:40,2021-06-30,00:00,4197.51,10.1,15,RECHAZADO,51.333333333333336
